interest_rate,fico_range,amount_requested,amount_funded_by_investors,loan_length
8.9,735-739,20000.0,20000.0,36.0
12.12,715-719,19200.0,19200.0,36.0
21.98,690-694,35000.0,35000.0,60.0
9.99,695-699,10000.0,9975.0,36.0
11.71,695-699,12000.0,12000.0,36.0
15.31,670-674,6000.0,6000.0,36.0
7.9,720-724,10000.0,10000.0,36.0
17.14,705-709,33500.0,33450.0,60.0
14.33,685-689,14675.0,14675.0,36.0
6.91,715-719,7000.0,7000.0,36.0
19.72,670-674,2000.0,2000.0,36.0
14.27,665-669,10625.0,10625.0,36.0
21.67,670-674,28000.0,27975.0,60.0
8.9,735-739,35000.0,34950.0,36.0
7.62,725-729,9600.0,9600.0,36.0
15.65,730-734,25000.0,24975.0,60.0
12.12,695-699,10000.0,10000.0,36.0
10.37,740-744,14000.0,13900.25,60.0
9.76,730-734,10000.0,10000.0,36.0
9.99,760-764,5200.0,5175.0,60.0
21.98,665-669,22000.0,21975.0,36.0
19.05,695-699,30000.0,30000.0,60.0
17.99,665-669,6500.0,6500.0,60.0
11.99,695-699,17400.0,17400.0,36.0
16.82,670-674,4000.0,4000.0,60.0
7.9,705-709,7200.0,7200.0,36.0
14.42,675-679,8000.0,8000.0,36.0
15.31,675-679,8000.0,8000.0,36.0
8.59,765-769,3000.0,3000.0,36.0
7.9,760-764,14500.0,14500.0,36.0
21.0,685-689,23850.0,23850.0,60.0
12.12,685-689,14000.0,14000.0,36.0
16.49,720-724,35000.0,34975.0,60.0
15.8,685-689,16000.0,16000.0,60.0
13.55,675-679,17350.0,7019.25,36.0
7.9,780-784,8000.0,7975.0,36.0
7.9,720-724,7200.0,7200.0,36.0
7.62,830-834,20125.0,20125.0,36.0
8.9,715-719,12000.0,11875.0,36.0
12.49,660-664,2400.0,1850.0,36.0
17.27,670-674,3200.0,3200.0,36.0
11.14,720-724,12725.0,12725.0,36.0
19.13,660-664,5500.0,5500.0,36.0
21.74,660-664,15650.0,15650.0,36.0
17.27,675-679,9000.0,9000.0,36.0
11.86,715-719,5000.0,5000.0,36.0
10.38,710-714,3000.0,3000.0,36.0
23.91,670-674,20000.0,19975.0,60.0
7.49,785-789,5450.0,5450.0,60.0
12.12,705-709,14000.0,14000.0,36.0
10.38,750-754,8800.0,8799.04,60.0
17.44,660-664,3000.0,3000.0,36.0
17.27,700-704,32000.0,32000.0,60.0
21.49,665-669,22250.0,22250.0,60.0
17.8,680-684,7325.0,7300.0,60.0
11.14,725-729,16450.0,16450.0,36.0
12.98,670-674,2500.0,2500.0,36.0
9.99,715-719,6000.0,6000.0,36.0
14.33,690-694,27575.0,27575.0,36.0
8.59,755-759,1000.0,1000.0,36.0
11.49,705-709,12000.0,12000.0,36.0
10.16,715-719,30000.0,30000.0,36.0
14.33,680-684,13500.0,13500.0,36.0
15.8,665-669,9000.0,9000.0,36.0
9.91,730-734,15000.0,15000.0,36.0
7.9,725-729,5300.0,5300.0,36.0
13.11,685-689,7000.0,7000.0,36.0
16.29,685-689,20000.0,19975.0,36.0
18.25,705-709,15000.0,14993.57,60.0
14.09,695-699,8000.0,8000.0,36.0
19.03,695-699,24000.0,23947.48,60.0
8.9,715-719,7500.0,7500.0,36.0
11.83,735-739,17000.0,16875.0,36.0
17.27,665-669,12000.0,12000.0,36.0
15.31,670-674,6000.0,6000.0,36.0
13.12,670-674,6725.0,825.0,36.0
6.76,790-794,4500.0,4500.0,36.0
10.83,700-704,1600.0,1600.0,36.0
17.77,665-669,10000.0,10000.0,36.0
7.9,725-729,18550.0,18525.0,36.0
13.06,710-714,7450.0,7450.0,36.0
7.62,760-764,3225.0,3225.0,36.0
17.77,680-684,23675.0,23675.0,36.0
12.12,690-694,12000.0,12000.0,36.0
16.49,695-699,25000.0,25000.0,36.0
11.12,725-729,16000.0,15850.0,36.0
8.9,810-814,4200.0,4175.0,36.0
14.09,675-679,10000.0,10000.0,36.0
7.51,750-754,6000.0,6000.0,36.0
13.11,685-689,6000.0,6000.0,36.0
16.29,665-669,7925.0,7925.0,36.0
7.62,765-769,16000.0,15925.0,36.0
15.81,670-674,9525.0,9500.0,36.0
14.35,675-679,6000.0,6000.0,36.0
14.96,675-679,10000.0,9975.0,36.0
6.62,750-754,7000.0,7000.0,36.0
5.99,765-769,4500.0,4500.0,36.0
11.14,735-739,12000.0,12000.0,36.0
19.72,665-669,10375.0,10375.0,36.0
18.75,670-674,4800.0,4800.0,36.0
13.11,700-704,6400.0,6400.0,36.0
7.9,705-709,5000.0,5000.0,36.0
6.62,740-744,12000.0,12000.0,36.0
21.48,690-694,23850.0,23820.25,60.0
10.65,720-724,15000.0,15000.0,36.0
7.62,765-769,8000.0,8000.0,36.0
6.03,715-719,20000.0,20000.0,36.0
13.11,710-714,20000.0,19975.0,36.0
14.09,690-694,10000.0,10000.0,36.0
14.09,710-714,18825.0,18825.0,36.0
7.9,775-779,35000.0,34975.0,36.0
6.03,815-819,9000.0,9000.0,36.0
6.17,745-749,4000.0,4000.0,36.0
13.99,660-664,5750.0,5750.0,36.0
15.8,690-694,20950.0,20950.0,36.0
10.99,710-714,8000.0,8000.0,36.0
10.16,725-729,10000.0,10000.0,36.0
14.09,675-679,10000.0,10000.0,36.0
6.03,765-769,14000.0,14000.0,36.0
7.66,735-739,5000.0,5000.0,36.0
19.05,700-704,25000.0,25000.0,60.0
8.9,735-739,35000.0,35000.0,36.0
11.14,690-694,7200.0,7175.0,36.0
8.49,760-764,14000.0,14000.0,60.0
15.21,680-684,15000.0,14975.0,36.0
19.72,695-699,25000.0,25000.0,60.0
14.65,675-679,10800.0,10800.0,36.0
14.33,700-704,20000.0,20000.0,36.0
10.74,695-699,4000.0,4000.0,36.0
15.7,675-679,16000.0,15950.0,36.0
9.76,730-734,1400.0,1400.0,36.0
16.32,665-669,7500.0,7500.0,36.0
14.07,675-679,24625.0,917.28,36.0
14.09,680-684,5000.0,5000.0,36.0
9.91,725-729,25000.0,24975.0,36.0
16.4,660-664,7500.0,7500.0,36.0
6.62,805-809,34500.0,34450.0,36.0
5.79,745-749,10000.0,10000.0,36.0
9.88,740-744,3200.0,3200.0,36.0
15.99,700-704,5500.0,5500.0,60.0
9.76,720-724,3000.0,3000.0,36.0
23.28,660-664,18000.0,18000.0,60.0
9.63,735-739,10000.0,9700.0,36.0
13.11,700-704,8800.0,8800.0,36.0
11.14,705-709,7000.0,7000.0,36.0
13.11,725-729,8000.0,8000.0,36.0
17.27,660-664,3000.0,3000.0,36.0
7.51,735-739,12000.0,11975.0,36.0
14.11,725-729,3600.0,3575.0,36.0
14.33,705-709,11625.0,11625.0,36.0
21.49,670-674,30000.0,30000.0,36.0
8.9,720-724,16000.0,16000.0,36.0
10.75,715-719,10800.0,10700.0,36.0
16.69,705-709,25000.0,23655.48,60.0
13.98,710-714,10000.0,10000.0,60.0
10.91,690-694,12375.0,275.0,36.0
11.48,705-709,6000.0,6000.0,36.0
13.49,685-689,8000.0,8000.0,36.0
18.25,660-664,15000.0,15000.0,36.0
17.77,665-669,7000.0,7000.0,36.0
6.92,745-749,8400.0,8400.0,36.0
7.9,740-744,15000.0,15000.0,36.0
14.33,665-669,15000.0,14925.0,36.0
10.16,695-699,2800.0,2800.0,36.0
16.29,680-684,7750.0,7750.0,36.0
8.9,700-704,4500.0,4500.0,36.0
12.53,715-719,17500.0,17375.0,36.0
15.31,710-714,18000.0,18000.0,60.0
15.27,720-724,15000.0,14975.0,60.0
15.23,665-669,6000.0,6000.0,36.0
11.14,700-704,11500.0,11475.0,36.0
13.11,685-689,10000.0,10000.0,36.0
8.9,725-729,12000.0,12000.0,36.0
12.12,685-689,10000.0,10000.0,36.0
21.28,680-684,35000.0,34975.0,60.0
10.38,750-754,7200.0,7100.0,60.0
7.9,800-804,4000.0,3975.0,60.0
11.14,740-744,5300.0,5200.0,36.0
7.62,730-734,1200.0,1200.0,36.0
11.14,720-724,2500.0,2500.0,36.0
14.33,700-704,17000.0,16975.0,36.0
7.9,695-699,16000.0,16000.0,36.0
12.69,695-699,10000.0,9950.0,36.0
10.16,700-704,5000.0,5000.0,36.0
19.05,670-674,4375.0,4375.0,36.0
6.03,745-749,8500.0,8475.0,36.0
16.89,675-679,12000.0,12000.0,60.0
8.59,740-744,6200.0,6100.0,36.0
18.49,660-664,7000.0,7000.0,36.0
12.69,730-734,20800.0,20800.0,60.0
13.11,745-749,19200.0,19200.0,60.0
15.8,700-704,22000.0,22000.0,60.0
19.05,675-679,15000.0,15000.0,36.0
19.47,665-669,7000.0,6965.1,36.0
8.9,730-734,20000.0,20000.0,36.0
6.17,745-749,2000.0,2000.0,36.0
10.59,755-759,18000.0,17738.58,60.0
11.48,790-794,20800.0,20775.0,36.0
7.88,725-729,9000.0,8875.0,36.0
14.09,670-674,6000.0,6000.0,36.0
15.8,665-669,5000.0,5000.0,36.0
14.83,685-689,12000.0,11975.0,60.0
8.0,750-754,7000.0,1998.0,36.0
10.0,715-719,6000.0,5950.0,36.0
13.98,700-704,17000.0,16975.0,36.0
8.94,750-754,12000.0,11975.0,36.0
7.9,730-734,16350.0,16350.0,36.0
7.9,755-759,20000.0,20000.0,36.0
12.12,690-694,12300.0,12300.0,36.0
13.11,690-694,4800.0,4800.0,36.0
7.9,735-739,14500.0,14500.0,36.0
8.9,700-704,4200.0,4200.0,36.0
14.09,690-694,22250.0,22250.0,36.0
14.09,675-679,8000.0,8000.0,36.0
17.77,665-669,8325.0,8325.0,36.0
13.11,730-734,14000.0,14000.0,36.0
10.16,705-709,9000.0,9000.0,36.0
13.11,680-684,16000.0,16000.0,36.0
11.14,760-764,15200.0,13694.22,36.0
10.65,725-729,24000.0,24000.0,36.0
15.31,685-689,16450.0,16450.0,36.0
12.12,710-714,7500.0,7500.0,36.0
22.47,665-669,4750.0,4750.0,36.0
7.9,720-724,6500.0,6500.0,36.0
18.67,660-664,5500.0,5450.0,60.0
6.03,750-754,9600.0,9600.0,36.0
12.12,710-714,12000.0,11975.0,36.0
7.51,730-734,2000.0,2000.0,36.0
24.89,665-669,18000.0,18000.0,60.0
12.12,690-694,5825.0,5825.0,36.0
15.31,670-674,2500.0,2500.0,36.0
19.91,660-664,7200.0,7200.0,60.0
14.33,670-674,8000.0,8000.0,36.0
20.77,665-669,25000.0,24675.0,60.0
14.09,665-669,2500.0,2500.0,36.0
12.84,750-754,20000.0,2050.0,36.0
13.11,720-724,6250.0,6250.0,36.0
13.67,680-684,12375.0,12375.0,36.0
10.16,685-689,18000.0,18000.0,36.0
6.99,760-764,3300.0,3300.0,36.0
18.49,700-704,21000.0,21000.0,60.0
16.29,695-699,24575.0,24575.0,36.0
7.74,750-754,5000.0,4900.0,36.0
16.29,680-684,20000.0,20000.0,36.0
6.62,750-754,13250.0,13250.0,36.0
8.59,790-794,10000.0,9975.0,36.0
10.75,740-744,20000.0,19950.0,36.0
8.49,715-719,10000.0,10000.0,36.0
12.12,710-714,12000.0,12000.0,36.0
7.9,725-729,8000.0,7950.0,36.0
8.94,760-764,11000.0,10950.0,36.0
7.49,730-734,12500.0,12425.0,36.0
11.03,685-689,7500.0,0.0,36.0
10.16,705-709,4825.0,4825.0,36.0
16.89,670-674,7550.0,7550.0,36.0
14.35,675-679,8000.0,7827.03,36.0
14.09,670-674,6000.0,6000.0,36.0
15.57,700-704,8000.0,8000.0,60.0
14.59,665-669,3000.0,3000.0,36.0
16.29,665-669,8000.0,7997.79,36.0
5.99,750-754,8400.0,8400.0,36.0
14.65,720-724,35000.0,35000.0,36.0
7.9,730-734,15000.0,15000.0,36.0
10.99,800-804,7500.0,7475.0,36.0
9.62,805-809,24000.0,23665.54,60.0
20.5,680-684,21000.0,20975.0,60.0
7.62,730-734,6000.0,6000.0,36.0
6.91,725-729,4500.0,4500.0,36.0
17.77,695-699,29000.0,29000.0,36.0
15.31,690-694,20000.0,20000.0,36.0
10.16,695-699,7000.0,7000.0,36.0
10.36,715-719,5000.0,4950.0,36.0
17.27,665-669,6000.0,6000.0,36.0
15.27,670-674,10000.0,10000.0,36.0
17.49,665-669,3200.0,3200.0,36.0
17.77,685-689,23000.0,23000.0,36.0
11.54,670-674,5000.0,1750.04,36.0
12.69,715-719,3000.0,3000.0,36.0
10.74,715-719,12000.0,11975.0,60.0
13.99,720-724,20000.0,19975.0,60.0
15.8,665-669,1200.0,1200.0,36.0
6.62,780-784,8000.0,8000.0,36.0
16.49,705-709,10000.0,9975.0,60.0
13.06,690-694,11000.0,11000.0,36.0
16.29,670-674,18000.0,18000.0,36.0
17.49,705-709,24000.0,23975.0,60.0
18.75,675-679,8000.0,7925.0,60.0
11.71,685-689,6000.0,6000.0,36.0
17.27,675-679,35000.0,34950.0,36.0
10.36,730-734,1000.0,750.0,36.0
15.31,680-684,10000.0,10000.0,36.0
15.8,670-674,6000.0,6000.0,36.0
6.03,750-754,4000.0,4000.0,36.0
11.71,745-749,20000.0,20000.0,60.0
14.12,655-659,3500.0,690.34,36.0
19.99,690-694,24000.0,24000.0,60.0
14.09,690-694,8000.0,8000.0,36.0
6.62,775-779,12000.0,12000.0,36.0
8.9,750-754,17600.0,17600.0,36.0
12.92,665-669,5000.0,512.46,36.0
18.67,660-664,8000.0,8000.0,60.0
9.88,730-734,10000.0,9850.0,36.0
6.62,800-804,16800.0,16800.0,36.0
10.38,755-759,6500.0,6450.0,60.0
7.9,790-794,35000.0,35000.0,36.0
14.33,685-689,9950.0,9950.0,36.0
9.91,750-754,5000.0,5000.0,36.0
19.05,695-699,10000.0,10000.0,60.0
13.11,685-689,6000.0,6000.0,36.0
7.9,770-774,35000.0,35000.0,36.0
7.9,705-709,5600.0,5600.0,36.0
7.9,795-799,17000.0,17000.0,36.0
12.99,715-719,15000.0,15000.0,60.0
11.14,685-689,3000.0,3000.0,36.0
17.77,665-669,12000.0,12000.0,36.0
14.27,705-709,25000.0,25000.0,36.0
20.49,660-664,31075.0,31050.0,36.0
14.33,740-744,4750.0,4750.0,60.0
11.71,680-684,6400.0,6375.0,36.0
9.91,730-734,25000.0,25000.0,36.0
6.03,785-789,5000.0,4975.0,36.0
11.99,755-759,12000.0,12000.0,60.0
19.72,665-669,20000.0,20000.0,36.0
15.96,665-669,10000.0,10000.0,36.0
20.49,660-664,9750.0,9750.0,36.0
14.09,685-689,10000.0,10000.0,36.0
10.46,680-684,3000.0,2057.84,36.0
19.72,700-704,25000.0,25000.0,60.0
14.22,670-674,5000.0,5000.0,36.0
5.79,730-734,6500.0,6500.0,36.0
15.31,670-674,8325.0,8325.0,36.0
15.31,710-714,20000.0,20000.0,60.0
12.12,710-714,12000.0,12000.0,36.0
10.38,755-759,9500.0,9475.0,60.0
5.79,780-784,12000.0,11862.38,60.0
11.49,715-719,7200.0,7200.0,60.0
10.16,710-714,8500.0,8500.0,36.0
19.05,685-689,17475.0,17475.0,60.0
12.12,690-694,10000.0,10000.0,36.0
22.47,660-664,18000.0,17975.0,60.0
5.42,785-789,4800.0,4775.0,36.0
7.9,720-724,5000.0,5000.0,36.0
12.12,720-724,20000.0,19925.0,36.0
15.31,710-714,12300.0,12300.0,36.0
22.78,675-679,28000.0,27950.0,60.0
11.11,690-694,1675.0,1675.0,36.0
17.04,685-689,7500.0,7500.0,36.0
12.61,675-679,9200.0,9200.0,36.0
15.8,675-679,8000.0,8000.0,36.0
10.99,690-694,5000.0,5000.0,36.0
18.25,690-694,19125.0,19125.0,60.0
5.99,790-794,5075.0,5050.0,36.0
9.62,710-714,7000.0,6975.0,36.0
12.12,675-679,5000.0,5000.0,36.0
13.49,760-764,35000.0,33500.0,60.0
14.65,670-674,2225.0,2225.0,36.0
10.16,715-719,4000.0,4000.0,36.0
7.9,740-744,16000.0,16000.0,36.0
17.77,675-679,15500.0,15500.0,36.0
13.11,695-699,16000.0,16000.0,60.0
13.06,710-714,9000.0,9000.0,60.0
16.49,710-714,20000.0,18275.0,60.0
18.17,685-689,20000.0,19900.0,60.0
22.78,690-694,30000.0,30000.0,60.0
10.59,735-739,10000.0,10000.0,36.0
19.05,660-664,14000.0,14000.0,36.0
15.31,710-714,18000.0,18000.0,60.0
6.62,740-744,10000.0,10000.0,36.0
13.11,735-739,25975.0,25975.0,60.0
14.09,690-694,10350.0,10350.0,36.0
17.77,660-664,10850.0,10850.0,36.0
5.42,770-774,4075.0,4075.0,36.0
10.75,755-759,14500.0,10168.89,60.0
10.16,710-714,12000.0,12000.0,36.0
22.95,665-669,1000.0,1000.0,36.0
13.11,700-704,5900.0,5900.0,36.0
13.11,705-709,9950.0,9925.0,36.0
6.03,790-794,7200.0,7200.0,36.0
16.77,685-689,14750.0,14750.0,60.0
16.7,690-694,5000.0,4975.0,36.0
14.91,715-719,20000.0,20000.0,36.0
19.42,705-709,18400.0,18375.0,60.0
14.11,700-704,7200.0,4167.97,36.0
13.99,725-729,18000.0,17994.17,60.0
12.12,690-694,8000.0,8000.0,36.0
8.9,720-724,4000.0,4000.0,36.0
13.11,690-694,6000.0,6000.0,36.0
10.25,720-724,6250.0,6100.0,36.0
14.09,685-689,5375.0,5375.0,36.0
15.31,665-669,8875.0,8875.0,36.0
10.65,700-704,7000.0,7000.0,36.0
15.31,680-684,12000.0,12000.0,36.0
18.75,670-674,21250.0,21250.0,36.0
19.72,680-684,3600.0,3600.0,60.0
14.33,670-674,12000.0,12000.0,36.0
14.33,690-694,10050.0,10050.0,36.0
8.9,700-704,4025.0,4025.0,36.0
6.62,780-784,5000.0,5000.0,36.0
11.71,775-779,16500.0,16400.0,60.0
7.29,735-739,10000.0,10000.0,36.0
12.29,685-689,7500.0,-0.01,36.0
6.03,755-759,10000.0,10000.0,36.0
8.9,715-719,10000.0,10000.0,36.0
7.9,730-734,18000.0,18000.0,36.0
16.29,680-684,7000.0,7000.0,36.0
22.47,670-674,22000.0,21975.0,60.0
13.11,685-689,6000.0,6000.0,36.0
6.62,750-754,5600.0,5600.0,36.0
12.12,705-709,9500.0,9500.0,36.0
13.11,680-684,12000.0,12000.0,36.0
10.37,675-679,7200.0,7200.0,36.0
15.8,665-669,5000.0,5000.0,36.0
15.96,695-699,8250.0,8086.75,60.0
22.47,690-694,30000.0,30000.0,60.0
15.81,700-704,10075.0,10075.0,60.0
13.11,700-704,9050.0,9050.0,36.0
10.16,700-704,17500.0,17500.0,36.0
6.91,730-734,10000.0,5334.01,36.0
8.9,715-719,10000.0,10000.0,36.0
15.8,690-694,8500.0,8500.0,36.0
14.65,675-679,16000.0,15975.0,36.0
14.09,725-729,2350.0,2350.0,36.0
7.29,730-734,10000.0,9924.07,36.0
15.8,735-739,25000.0,24975.0,60.0
14.33,685-689,8000.0,8000.0,36.0
13.11,670-674,6000.0,6000.0,36.0
13.11,685-689,4000.0,4000.0,36.0
11.14,715-719,11500.0,11500.0,36.0
9.91,705-709,12000.0,12000.0,36.0
16.49,690-694,15250.0,13914.17,60.0
12.68,695-699,5000.0,5000.0,36.0
7.9,715-719,6000.0,6000.0,36.0
16.29,710-714,18225.0,18225.0,60.0
10.38,735-739,15000.0,15000.0,36.0
5.79,760-764,4000.0,3882.78,36.0
12.12,715-719,27000.0,27000.0,60.0
13.85,705-709,15000.0,14925.0,36.0
10.16,725-729,4950.0,4950.0,36.0
10.0,730-734,21000.0,20925.0,36.0
15.31,675-679,9000.0,9000.0,36.0
18.75,695-699,21000.0,21000.0,60.0
19.05,660-664,8000.0,8000.0,36.0
6.91,760-764,23000.0,21457.14,60.0
14.65,680-684,10000.0,10000.0,36.0
9.99,730-734,5000.0,4947.35,60.0
10.16,730-734,5350.0,5350.0,36.0
12.42,705-709,10000.0,10000.0,36.0
10.16,720-724,24000.0,23975.0,36.0
7.9,705-709,24000.0,24000.0,36.0
14.09,685-689,15475.0,15450.0,36.0
21.0,670-674,25000.0,25000.0,36.0
9.91,730-734,13000.0,12975.0,36.0
7.62,730-734,7550.0,7550.0,36.0
15.31,685-689,9600.0,9600.0,36.0
15.21,700-704,15000.0,14950.0,60.0
14.11,675-679,7000.0,6975.0,36.0
15.31,665-669,1000.0,1000.0,36.0
12.87,720-724,25000.0,24798.43,36.0
14.33,725-729,24000.0,24000.0,36.0
18.49,700-704,21000.0,21000.0,60.0
13.11,670-674,1000.0,1000.0,36.0
9.63,780-784,16000.0,16000.0,60.0
17.27,725-729,24400.0,24400.0,60.0
7.9,720-724,14675.0,14675.0,36.0
19.05,660-664,12000.0,12000.0,36.0
13.11,700-704,8000.0,8000.0,36.0
13.11,685-689,12000.0,12000.0,36.0
10.99,730-734,16800.0,10075.0,60.0
14.33,680-684,14500.0,14500.0,36.0
16.63,680-684,25000.0,3925.0,36.0
13.11,740-744,28625.0,28625.0,60.0
22.95,670-674,21000.0,21000.0,60.0
9.76,780-784,7500.0,7500.0,60.0
10.38,730-734,11875.0,11775.0,36.0
13.67,690-694,3600.0,3600.0,36.0
15.31,695-699,16000.0,16000.0,36.0
23.28,660-664,20500.0,20500.0,60.0
18.25,665-669,10000.0,10000.0,36.0
17.49,695-699,15000.0,15000.0,60.0
11.99,680-684,10000.0,10000.0,36.0
11.71,685-689,11000.0,11000.0,36.0
19.05,690-694,25000.0,25000.0,60.0
10.16,675-679,15000.0,15000.0,36.0
14.09,665-669,5600.0,5600.0,36.0
11.71,720-724,20000.0,20000.0,36.0
19.72,665-669,25450.0,25450.0,60.0
11.12,715-719,7000.0,7000.0,36.0
12.12,690-694,10400.0,10400.0,36.0
14.84,705-709,25000.0,24975.0,36.0
11.97,705-709,20000.0,13000.0,36.0
17.43,675-679,16000.0,15800.0,60.0
7.9,725-729,15000.0,15000.0,36.0
19.72,675-679,24625.0,24625.0,60.0
13.11,690-694,21850.0,21850.0,36.0
15.31,670-674,6000.0,6000.0,36.0
16.0,725-729,6700.0,6636.91,36.0
12.21,700-704,10000.0,9225.43,36.0
15.31,670-674,5775.0,5775.0,36.0
15.27,680-684,14475.0,14475.0,36.0
17.27,670-674,8000.0,8000.0,36.0
12.12,700-704,15000.0,15000.0,36.0
17.77,680-684,10000.0,10000.0,36.0
13.49,690-694,5600.0,5600.0,36.0
16.32,685-689,10000.0,10000.0,60.0
14.09,675-679,13000.0,13000.0,36.0
9.99,745-749,15000.0,10825.0,60.0
12.12,680-684,2100.0,2100.0,36.0
12.12,685-689,12000.0,12000.0,36.0
13.16,670-674,1000.0,1000.0,36.0
14.09,735-739,16000.0,16000.0,60.0
7.9,730-734,14000.0,14000.0,36.0
10.16,690-694,14000.0,14000.0,36.0
12.21,725-729,20000.0,3850.0,36.0
11.14,760-764,17000.0,15865.55,36.0
10.74,745-749,7350.0,7350.0,60.0
10.25,775-779,10000.0,9500.0,36.0
11.36,710-714,20000.0,19796.41,36.0
7.14,760-764,7000.0,7000.0,36.0
12.12,715-719,6000.0,6000.0,60.0
10.0,715-719,12000.0,12000.0,36.0
6.03,750-754,4225.0,4225.0,36.0
12.29,700-704,14700.0,1973.77,36.0
6.76,755-759,2500.0,2500.0,36.0
14.84,670-674,4800.0,4775.0,36.0
15.96,665-669,6000.0,6000.0,36.0
6.03,750-754,6000.0,6000.0,36.0
15.31,670-674,1800.0,1800.0,36.0
15.8,675-679,7200.0,7200.0,36.0
12.12,680-684,6000.0,6000.0,36.0
11.14,670-674,15300.0,14850.0,36.0
9.32,775-779,5000.0,5000.0,36.0
17.77,665-669,10500.0,10500.0,36.0
17.77,660-664,6625.0,6625.0,36.0
22.47,665-669,16000.0,16000.0,60.0
16.29,675-679,22000.0,22000.0,60.0
15.21,680-684,5000.0,5000.0,60.0
8.9,680-684,20000.0,20000.0,36.0
13.06,670-674,1500.0,1500.0,36.0
7.49,730-734,8000.0,8000.0,36.0
16.29,705-709,18225.0,18225.0,60.0
7.62,740-744,5000.0,5000.0,36.0
13.99,685-689,10000.0,10000.0,36.0
17.77,670-674,8000.0,8000.0,36.0
10.75,720-724,6000.0,6000.0,36.0
18.62,685-689,24250.0,24225.0,60.0
12.69,675-679,8700.0,8700.0,36.0
14.65,725-729,20400.0,20375.0,60.0
6.62,740-744,9000.0,9000.0,36.0
11.14,715-719,16100.0,16100.0,36.0
21.0,670-674,35000.0,35000.0,36.0
7.66,700-704,4600.0,4600.0,36.0
14.18,685-689,14400.0,5325.0,36.0
11.14,685-689,5000.0,5000.0,36.0
19.05,660-664,5500.0,5500.0,36.0
13.98,720-724,25000.0,15800.0,60.0
14.09,670-674,5000.0,5000.0,36.0
14.65,710-714,10000.0,10000.0,36.0
11.89,740-744,20000.0,13975.0,36.0
17.14,680-684,10000.0,10000.0,36.0
9.76,740-744,17000.0,17000.0,36.0
22.47,665-669,25000.0,25000.0,60.0
7.9,710-714,5000.0,5000.0,36.0
13.11,685-689,6000.0,6000.0,36.0
17.27,670-674,8000.0,8000.0,36.0
14.09,695-699,12000.0,12000.0,36.0
8.94,720-724,3000.0,3000.0,36.0
6.17,770-774,5000.0,5000.0,60.0
10.16,705-709,3200.0,3200.0,36.0
18.49,670-674,7625.0,7625.0,36.0
22.11,690-694,3000.0,3000.0,60.0
11.49,730-734,5000.0,5000.0,36.0
12.99,685-689,18500.0,18500.0,36.0
14.09,690-694,18000.0,18000.0,36.0
10.59,695-699,4200.0,4200.0,36.0
7.29,725-729,5000.0,4975.0,36.0
11.71,730-734,19000.0,19000.0,60.0
16.77,675-679,15000.0,15000.0,36.0
19.72,680-684,18625.0,18625.0,60.0
7.62,720-724,6075.0,6075.0,36.0
15.31,690-694,12500.0,12500.0,36.0
15.31,665-669,5000.0,5000.0,36.0
12.12,690-694,10000.0,10000.0,36.0
16.77,660-664,8000.0,8000.0,36.0
15.81,680-684,20000.0,19975.0,36.0
13.49,685-689,9600.0,9600.0,36.0
9.76,695-699,3600.0,3600.0,36.0
18.75,690-694,14075.0,14075.0,36.0
7.51,735-739,3000.0,3000.0,36.0
10.16,760-764,35000.0,34975.0,36.0
6.99,750-754,1700.0,1700.0,36.0
7.51,790-794,8800.0,8800.0,36.0
12.18,740-744,24250.0,23985.41,36.0
11.14,720-724,10750.0,10166.42,36.0
15.96,660-664,6000.0,6000.0,36.0
10.16,700-704,15000.0,15000.0,36.0
14.33,700-704,15000.0,15000.0,36.0
13.11,680-684,10000.0,10000.0,36.0
12.12,690-694,5950.0,5950.0,36.0
10.99,700-704,10000.0,10000.0,36.0
15.23,670-674,4000.0,4000.0,36.0
7.88,780-784,15000.0,14675.0,36.0
15.31,665-669,10000.0,9850.0,36.0
13.11,700-704,8875.0,8875.0,36.0
10.74,705-709,2400.0,2400.0,36.0
20.53,675-679,25000.0,24950.0,60.0
16.07,685-689,5500.0,5500.0,36.0
12.53,685-689,6000.0,6000.0,36.0
19.05,690-694,18000.0,18000.0,60.0
7.9,800-804,28000.0,27975.0,36.0
16.29,725-729,32000.0,32000.0,60.0
13.11,690-694,6000.0,6000.0,36.0
8.9,750-754,7200.0,7200.0,60.0
11.14,700-704,11500.0,11500.0,36.0
5.42,790-794,4800.0,4800.0,36.0
10.65,685-689,4000.0,4000.0,36.0
10.65,720-724,15000.0,15000.0,36.0
17.99,675-679,15000.0,15000.0,36.0
12.42,705-709,25000.0,25000.0,36.0
18.75,680-684,4800.0,4800.0,60.0
6.62,735-739,9500.0,9500.0,36.0
12.53,705-709,15000.0,6200.0,36.0
13.98,675-679,6000.0,6000.0,36.0
6.03,740-744,12300.0,12300.0,36.0
7.51,755-759,24000.0,23950.0,36.0
11.12,705-709,2000.0,1975.0,36.0
9.76,710-714,14000.0,14000.0,36.0
12.12,700-704,10000.0,10000.0,36.0
9.63,785-789,13000.0,8113.74,36.0
16.29,690-694,5000.0,5000.0,60.0
12.42,670-674,6000.0,5994.0,36.0
14.33,710-714,10050.0,10050.0,36.0
7.9,720-724,4800.0,4800.0,36.0
10.74,700-704,14400.0,14400.0,36.0
15.31,695-699,11625.0,11625.0,36.0
10.16,720-724,18200.0,18200.0,36.0
13.35,710-714,20000.0,19875.0,36.0
17.27,695-699,9600.0,9575.0,60.0
11.83,715-719,9000.0,9000.0,36.0
18.25,725-729,35000.0,35000.0,60.0
7.51,735-739,1900.0,1900.0,36.0
13.67,710-714,20000.0,19896.51,36.0
10.37,675-679,2400.0,2400.0,36.0
11.71,675-679,4500.0,4500.0,36.0
12.12,710-714,12000.0,12000.0,36.0
8.63,730-734,10000.0,8175.26,36.0
7.9,730-734,11575.0,11575.0,36.0
6.62,720-724,20000.0,20000.0,36.0
14.7,640-644,6000.0,3475.0,36.0
10.0,700-704,2800.0,2800.0,36.0
14.09,680-684,6000.0,6000.0,36.0
6.91,735-739,20000.0,14750.0,36.0
13.99,720-724,22000.0,22000.0,60.0
13.11,675-679,10000.0,10000.0,36.0
12.12,690-694,9450.0,9450.0,36.0
7.66,725-729,10400.0,10325.0,36.0
15.28,720-724,15875.0,15818.07,60.0
12.12,730-734,18000.0,18000.0,60.0
8.9,710-714,8000.0,8000.0,36.0
14.33,760-764,12000.0,12000.0,36.0
6.54,795-799,20000.0,12150.0,60.0
16.77,660-664,10000.0,10000.0,36.0
19.03,680-684,24500.0,23475.0,60.0
12.12,695-699,10000.0,10000.0,36.0
7.9,735-739,3600.0,3600.0,36.0
17.49,670-674,12000.0,12000.0,60.0
10.74,685-689,6950.0,6950.0,36.0
10.16,705-709,8525.0,8525.0,36.0
14.33,690-694,5000.0,5000.0,36.0
18.25,695-699,4800.0,4800.0,60.0
13.35,665-669,6000.0,6000.0,36.0
19.22,680-684,4000.0,4000.0,60.0
6.03,745-749,14000.0,14000.0,36.0
14.65,685-689,23500.0,23450.0,36.0
15.95,665-669,2500.0,2500.0,36.0
6.17,745-749,2000.0,2000.0,36.0
16.29,675-679,24000.0,23925.0,60.0
11.49,725-729,12800.0,12800.0,60.0
7.9,725-729,8000.0,8000.0,36.0
9.99,710-714,3000.0,3000.0,36.0
7.9,725-729,7000.0,7000.0,36.0
13.48,690-694,18000.0,17975.0,36.0
14.11,670-674,9000.0,5975.0,36.0
10.99,695-699,11000.0,11000.0,36.0
7.9,720-724,6000.0,6000.0,36.0
7.74,785-789,6500.0,6475.0,36.0
18.49,675-679,19500.0,19500.0,36.0
17.27,695-699,16000.0,16000.0,60.0
14.33,685-689,18000.0,17950.0,60.0
23.33,665-669,30000.0,29975.0,60.0
14.09,660-664,10000.0,10000.0,36.0
15.58,700-704,16000.0,15900.0,60.0
17.58,690-694,35000.0,35000.0,36.0
13.72,665-669,8000.0,8000.0,36.0
13.11,700-704,14500.0,14500.0,36.0
10.62,720-724,12000.0,11925.0,36.0
13.43,670-674,4500.0,4500.0,36.0
11.83,725-729,16500.0,16350.0,36.0
9.91,705-709,10000.0,10000.0,36.0
19.05,690-694,35000.0,35000.0,60.0
11.09,745-749,21000.0,6165.31,36.0
15.45,640-644,8400.0,6725.0,36.0
7.9,705-709,6000.0,6000.0,36.0
19.22,665-669,12000.0,12000.0,36.0
16.89,665-669,12100.0,12100.0,36.0
14.09,675-679,25000.0,25000.0,36.0
6.03,780-784,16000.0,15925.0,36.0
18.25,690-694,27000.0,27000.0,36.0
18.75,665-669,12250.0,12250.0,36.0
17.77,665-669,10000.0,10000.0,36.0
13.67,675-679,9175.0,9175.0,36.0
15.31,680-684,14075.0,14075.0,36.0
18.55,660-664,13100.0,13100.0,36.0
8.9,715-719,14675.0,14675.0,36.0
11.14,710-714,5000.0,4900.0,36.0
13.11,670-674,18000.0,18000.0,36.0
7.62,775-779,12000.0,12000.0,36.0
14.33,680-684,19400.0,19400.0,36.0
12.12,665-669,18000.0,18000.0,36.0
17.77,665-669,12000.0,12000.0,36.0
13.11,675-679,8000.0,8000.0,36.0
19.72,710-714,23750.0,23750.0,60.0
15.58,695-699,7500.0,7475.0,36.0
12.69,680-684,5500.0,5500.0,36.0
17.27,710-714,16950.0,16950.0,60.0
11.14,715-719,3000.0,2950.0,36.0
13.49,670-674,1600.0,1600.0,36.0
7.49,715-719,6000.0,6000.0,36.0
12.12,695-699,7350.0,7350.0,36.0
17.77,670-674,12825.0,12825.0,36.0
21.0,685-689,24000.0,23975.0,60.0
18.49,695-699,10000.0,10000.0,60.0
14.33,675-679,5500.0,5500.0,36.0
14.72,695-699,17500.0,17500.0,36.0
13.11,680-684,10000.0,10000.0,36.0
6.17,770-774,20000.0,16275.0,36.0
6.99,735-739,11600.0,11600.0,36.0
13.99,715-719,12000.0,12000.0,60.0
11.26,720-724,13000.0,6770.1,36.0
17.27,665-669,8575.0,8550.0,36.0
14.09,685-689,6100.0,6100.0,36.0
15.31,680-684,14000.0,14000.0,36.0
14.33,670-674,10500.0,10500.0,36.0
21.49,675-679,19600.0,19525.0,60.0
15.8,670-674,15000.0,15000.0,36.0
17.27,725-729,8000.0,8000.0,36.0
21.49,660-664,20000.0,20000.0,36.0
12.53,700-704,11000.0,10969.64,36.0
17.9,675-679,6000.0,5905.66,36.0
11.14,705-709,12000.0,12000.0,36.0
13.11,690-694,17000.0,17000.0,36.0
7.9,720-724,6250.0,6250.0,36.0
23.76,665-669,27825.0,27825.0,60.0
15.31,680-684,30000.0,30000.0,36.0
14.11,675-679,4200.0,3969.9,36.0
21.98,680-684,3800.0,3800.0,36.0
15.31,670-674,2000.0,2000.0,36.0
14.09,680-684,6000.0,6000.0,36.0
19.05,685-689,21000.0,21000.0,60.0
13.49,680-684,2500.0,2500.0,36.0
16.77,690-694,2400.0,2400.0,36.0
10.74,720-724,13000.0,13000.0,36.0
14.65,665-669,4800.0,4800.0,36.0
9.91,730-734,17475.0,17475.0,36.0
21.97,670-674,16450.0,16400.0,60.0
14.65,680-684,14000.0,14000.0,36.0
17.27,665-669,2500.0,2500.0,36.0
18.49,660-664,8000.0,8000.0,36.0
12.53,705-709,5000.0,5000.0,36.0
13.11,690-694,15000.0,15000.0,36.0
12.69,720-724,25000.0,24814.89,60.0
8.9,700-704,3000.0,2975.0,36.0
7.9,705-709,6000.0,6000.0,36.0
10.65,720-724,7800.0,7800.0,36.0
7.9,710-714,25000.0,25000.0,36.0
15.33,660-664,18500.0,3100.0,36.0
12.99,710-714,12000.0,12000.0,60.0
15.99,665-669,5000.0,5000.0,36.0
10.59,745-749,2500.0,2500.0,60.0
16.29,710-714,16000.0,16000.0,60.0
15.31,745-749,25000.0,25000.0,60.0
16.89,660-664,2000.0,2000.0,36.0
10.16,730-734,2200.0,2200.0,36.0
10.25,730-734,14000.0,13825.0,36.0
13.11,670-674,3000.0,3000.0,36.0
9.91,730-734,11425.0,11400.0,36.0
17.27,705-709,17325.0,17325.0,60.0
8.49,730-734,5425.0,5425.0,36.0
22.78,665-669,20000.0,20000.0,60.0
11.71,700-704,3300.0,3300.0,36.0
17.27,670-674,2000.0,2000.0,36.0
13.11,745-749,26500.0,26500.0,36.0
18.55,670-674,17975.0,17975.0,36.0
13.47,700-704,15000.0,14925.21,36.0
13.99,725-729,16400.0,16350.0,60.0
13.99,700-704,13500.0,13500.0,60.0
15.27,670-674,12000.0,12000.0,36.0
21.48,665-669,16750.0,16750.0,60.0
12.18,745-749,8000.0,8000.0,36.0
9.76,710-714,10000.0,10000.0,36.0
15.21,670-674,10000.0,10000.0,36.0
13.85,720-724,5525.0,5525.0,36.0
19.69,705-709,17200.0,17200.0,60.0
16.29,680-684,19600.0,19575.0,36.0
11.48,715-719,4000.0,4000.0,36.0
13.11,735-739,13000.0,13000.0,36.0
9.63,790-794,8000.0,7850.0,36.0
10.08,755-759,25000.0,5640.7,36.0
10.25,750-754,20000.0,19900.0,36.0
17.27,680-684,27575.0,27575.0,60.0
14.33,670-674,24000.0,24000.0,36.0
18.49,660-664,7000.0,7000.0,36.0
16.77,685-689,12000.0,11975.0,60.0
19.03,670-674,14000.0,14000.0,60.0
11.14,725-729,10000.0,9975.0,36.0
6.03,780-784,7750.0,7750.0,36.0
13.67,690-694,15000.0,11550.0,36.0
11.86,705-709,15000.0,14950.0,36.0
15.31,685-689,25000.0,25000.0,36.0
14.91,720-724,15000.0,14975.0,60.0
16.29,660-664,5000.0,5000.0,36.0
12.98,665-669,5000.0,5000.0,36.0
15.31,680-684,35000.0,35000.0,36.0
15.37,675-679,7500.0,6025.0,36.0
10.36,765-769,25000.0,15675.0,60.0
11.12,700-704,3800.0,3800.0,36.0
8.9,700-704,2800.0,2800.0,36.0
7.49,730-734,6250.0,6250.0,36.0
9.91,725-729,18000.0,17994.46,36.0
17.27,660-664,6000.0,6000.0,36.0
14.09,710-714,20000.0,20000.0,36.0
11.14,700-704,8000.0,8000.0,36.0
6.62,790-794,12000.0,12000.0,36.0
11.12,775-779,24000.0,7100.0,60.0
11.49,690-694,3000.0,2925.0,36.0
6.99,745-749,5000.0,5000.0,36.0
13.99,730-734,21850.0,21800.0,60.0
23.28,675-679,21850.0,21850.0,60.0
13.47,690-694,10000.0,7586.93,36.0
15.68,680-684,15000.0,10150.07,36.0
7.29,740-744,9600.0,9600.0,36.0
20.5,670-674,25000.0,24975.0,36.0
11.49,780-784,25000.0,14401.65,60.0
7.9,810-814,30000.0,29950.0,36.0
16.89,700-704,20000.0,20000.0,60.0
13.67,695-699,14825.0,14825.0,36.0
17.27,670-674,8000.0,8000.0,36.0
11.71,720-724,20000.0,20000.0,36.0
7.9,765-769,7000.0,7000.0,36.0
10.62,760-764,20000.0,19900.0,36.0
11.03,680-684,5000.0,4500.0,36.0
13.11,675-679,17625.0,17600.0,36.0
13.11,685-689,7150.0,7150.0,36.0
10.36,720-724,25000.0,24775.0,36.0
14.33,675-679,15000.0,15000.0,36.0
6.62,765-769,9000.0,9000.0,36.0
16.35,665-669,17600.0,17600.0,36.0
12.68,690-694,10000.0,10000.0,36.0
15.2,675-679,11200.0,11000.0,60.0
15.31,680-684,13225.0,13225.0,36.0
11.14,700-704,4000.0,4000.0,36.0
10.99,720-724,12000.0,11975.0,36.0
19.05,735-739,35000.0,35000.0,36.0
14.59,705-709,25000.0,17250.0,36.0
6.03,750-754,9000.0,9000.0,36.0
12.12,700-704,18225.0,18225.0,36.0
14.72,660-664,4750.0,4750.0,36.0
6.62,770-774,14400.0,14400.0,36.0
23.76,660-664,30000.0,30000.0,60.0
12.12,715-719,13475.0,13475.0,36.0
19.05,675-679,10000.0,10000.0,36.0
6.62,740-744,12000.0,12000.0,36.0
16.89,695-699,6000.0,6000.0,60.0
6.54,725-729,9500.0,6500.0,36.0
10.38,780-784,12000.0,11875.0,60.0
8.9,705-709,5000.0,5000.0,36.0
8.9,745-749,3600.0,3600.0,36.0
14.27,735-739,27000.0,26993.89,60.0
14.27,665-669,10000.0,10000.0,36.0
13.11,670-674,5450.0,5450.0,36.0
15.28,700-704,16000.0,13613.86,60.0
17.27,670-674,9750.0,9750.0,36.0
7.51,785-789,30000.0,30000.0,36.0
12.12,705-709,14000.0,13975.0,36.0
6.62,740-744,8500.0,8500.0,36.0
7.9,745-749,14400.0,14400.0,36.0
7.14,765-769,8000.0,8000.0,36.0
13.11,680-684,12000.0,12000.0,36.0
13.11,695-699,10400.0,10350.0,36.0
18.75,695-699,21000.0,21000.0,60.0
11.83,705-709,6000.0,5925.0,36.0
13.67,730-734,10800.0,10800.0,60.0
14.33,690-694,2100.0,2100.0,36.0
6.03,770-774,4000.0,4000.0,36.0
7.62,725-729,3500.0,3500.0,36.0
12.53,725-729,24250.0,23811.24,36.0
14.33,715-719,19000.0,19000.0,60.0
15.33,670-674,10500.0,10477.85,36.0
18.49,670-674,2500.0,2500.0,36.0
14.59,690-694,16000.0,16000.0,36.0
13.75,665-669,3000.0,1300.0,36.0
5.42,780-784,10000.0,10000.0,36.0
14.09,685-689,7100.0,7100.0,36.0
9.32,780-784,12500.0,12425.0,36.0
13.99,675-679,1700.0,1700.0,36.0
11.14,670-674,4000.0,4000.0,36.0
17.99,675-679,18225.0,18225.0,36.0
16.29,735-739,30000.0,30000.0,60.0
6.54,730-734,10000.0,10000.0,36.0
7.9,720-724,6000.0,6000.0,36.0
12.12,675-679,6000.0,6000.0,36.0
15.8,675-679,6000.0,6000.0,36.0
17.77,665-669,7000.0,7000.0,36.0
15.31,670-674,10000.0,10000.0,36.0
12.73,675-679,3250.0,3250.0,36.0
19.72,685-689,30000.0,29950.0,60.0
11.11,700-704,21000.0,21000.0,36.0
7.62,735-739,11000.0,11000.0,36.0
7.14,750-754,5500.0,5400.0,36.0
7.9,770-774,15000.0,15000.0,36.0
19.91,670-674,20000.0,17890.7,60.0
8.07,760-764,7200.0,6250.0,36.0
18.64,675-679,4000.0,4000.0,60.0
8.9,730-734,20000.0,20000.0,36.0
12.12,705-709,15000.0,15000.0,36.0
11.83,730-734,8000.0,7825.0,36.0
19.74,660-664,15000.0,14900.0,60.0
11.14,685-689,8000.0,8000.0,36.0
14.33,710-714,20675.0,20675.0,36.0
15.31,695-699,30000.0,30000.0,60.0
7.66,740-744,12000.0,11875.0,36.0
9.99,695-699,5000.0,5000.0,36.0
8.9,760-764,4750.0,4750.0,36.0
12.12,680-684,6500.0,6500.0,36.0
10.59,720-724,21600.0,20550.0,36.0
12.84,670-674,1900.0,1900.0,36.0
7.9,710-714,6000.0,6000.0,36.0
7.62,720-724,8500.0,8500.0,36.0
12.12,685-689,9250.0,9250.0,36.0
13.49,675-679,1875.0,1875.0,36.0
12.61,675-679,2500.0,2450.0,36.0
13.47,690-694,10000.0,10000.0,36.0
15.23,730-734,25000.0,25000.0,60.0
13.99,710-714,5000.0,5000.0,60.0
13.61,695-699,6000.0,5996.63,60.0
14.22,680-684,10000.0,10000.0,36.0
6.62,730-734,5375.0,5325.0,36.0
16.32,700-704,19000.0,18898.03,60.0
11.89,695-699,5500.0,5500.0,36.0
10.74,700-704,10000.0,10000.0,36.0
13.11,740-744,8800.0,8800.0,60.0
15.95,705-709,9500.0,9475.0,60.0
5.79,765-769,12000.0,9294.21,36.0
11.71,725-729,16500.0,16500.0,36.0
11.71,755-759,25000.0,24875.0,60.0
12.12,700-704,24000.0,24000.0,36.0
10.36,690-694,7000.0,6875.0,36.0
18.25,660-664,1200.0,1200.0,36.0
13.11,710-714,24175.0,24175.0,36.0
7.9,720-724,2800.0,2800.0,36.0
11.71,705-709,4000.0,4000.0,60.0
12.12,665-669,10000.0,10000.0,36.0
10.16,710-714,7125.0,7125.0,36.0
8.32,750-754,10000.0,9325.0,36.0
13.11,695-699,10000.0,10000.0,36.0
15.31,670-674,4400.0,4398.89,36.0
12.12,710-714,10000.0,10000.0,36.0
12.12,700-704,9450.0,9450.0,36.0
7.62,765-769,3500.0,3500.0,36.0
12.69,725-729,24000.0,24000.0,60.0
10.99,700-704,11750.0,11750.0,36.0
10.16,765-769,30000.0,24800.0,36.0
18.75,665-669,12000.0,12000.0,36.0
14.09,695-699,13000.0,13000.0,36.0
13.48,710-714,5000.0,5000.0,36.0
14.33,700-704,15000.0,15000.0,36.0
13.43,745-749,16000.0,15975.0,60.0
15.23,705-709,12000.0,11975.0,60.0
14.33,675-679,10050.0,10050.0,36.0
15.23,760-764,35000.0,25850.0,60.0
22.95,685-689,30000.0,30000.0,60.0
12.18,740-744,24250.0,24175.0,36.0
6.03,790-794,16000.0,16000.0,36.0
15.05,675-679,9000.0,8996.01,36.0
11.12,750-754,17000.0,16750.0,60.0
7.75,760-764,5400.0,200.0,36.0
12.12,690-694,12000.0,12000.0,36.0
17.27,670-674,2000.0,2000.0,36.0
12.69,710-714,24000.0,24000.0,36.0
22.47,660-664,16800.0,16800.0,60.0
17.27,660-664,3000.0,3000.0,36.0
12.69,665-669,3500.0,3500.0,36.0
7.66,725-729,4000.0,3910.45,36.0
16.29,695-699,16000.0,15975.0,36.0
18.25,685-689,8800.0,8800.0,60.0
7.9,755-759,19725.0,19725.0,36.0
15.96,680-684,19750.0,19725.0,36.0
20.77,670-674,19750.0,19725.0,60.0
16.32,695-699,10000.0,10000.0,36.0
8.63,730-734,5000.0,0.0,36.0
6.62,760-764,9600.0,9600.0,36.0
21.49,705-709,30000.0,29975.0,60.0
12.42,685-689,7000.0,7000.0,36.0
10.74,720-724,8400.0,8400.0,36.0
14.33,675-679,5600.0,5600.0,36.0
7.88,790-794,20000.0,13175.0,60.0
12.12,720-724,15000.0,15000.0,36.0
13.23,735-739,17500.0,17500.0,60.0
12.12,790-794,32400.0,32400.0,60.0
12.12,685-689,12000.0,11975.0,36.0
14.09,680-684,10000.0,9875.0,36.0
7.88,745-749,12300.0,12275.0,36.0
11.14,690-694,15000.0,15000.0,36.0
11.97,685-689,5000.0,4446.5,36.0
13.11,695-699,20000.0,20000.0,36.0
16.29,695-699,21725.0,21725.0,36.0
10.0,735-739,5000.0,5000.0,60.0
8.9,715-719,10300.0,10300.0,36.0
20.49,660-664,14400.0,14400.0,36.0
16.49,680-684,15000.0,15000.0,36.0
19.72,690-694,35000.0,35000.0,60.0
15.8,675-679,7000.0,7000.0,36.0
15.96,695-699,12500.0,12500.0,60.0
12.12,705-709,18000.0,18000.0,36.0
11.89,695-699,6000.0,6000.0,36.0
8.9,725-729,16000.0,16000.0,36.0
23.28,675-679,35000.0,34950.0,60.0
6.62,735-739,10000.0,10000.0,36.0
24.7,675-679,21000.0,21000.0,60.0
12.12,705-709,8000.0,8000.0,36.0
20.3,695-699,33600.0,32058.53,60.0
14.74,675-679,11050.0,10878.55,36.0
15.31,695-699,16000.0,16000.0,36.0
14.65,730-734,15000.0,15000.0,60.0
14.33,685-689,12000.0,12000.0,36.0
14.96,670-674,4000.0,3975.0,36.0
17.99,660-664,12000.0,12000.0,36.0
10.36,690-694,12000.0,12000.0,36.0
5.42,785-789,7500.0,7500.0,36.0
7.88,785-789,24000.0,23568.65,36.0
15.31,690-694,16000.0,16000.0,36.0
21.48,695-699,12200.0,12200.0,60.0
10.16,710-714,12000.0,12000.0,36.0
15.31,665-669,12000.0,12000.0,36.0
5.99,765-769,9800.0,9775.0,36.0
14.72,670-674,7000.0,7000.0,36.0
11.71,720-724,10000.0,10000.0,36.0
13.11,710-714,10000.0,10000.0,36.0
11.99,745-749,17000.0,16975.0,60.0
19.22,675-679,18000.0,17975.0,60.0
11.97,680-684,15600.0,6575.0,36.0
12.41,720-724,16750.0,9445.58,36.0
12.12,680-684,7200.0,7200.0,36.0
12.99,690-694,1500.0,1500.0,36.0
12.12,685-689,13600.0,13600.0,36.0
24.33,670-674,30000.0,30000.0,60.0
17.77,680-684,10000.0,10000.0,36.0
10.25,730-734,10000.0,9850.0,36.0
11.71,695-699,10000.0,10000.0,36.0
13.16,700-704,7000.0,6975.0,36.0
7.9,760-764,4700.0,4700.0,36.0
9.91,720-724,21200.0,21200.0,36.0
19.05,665-669,15000.0,14875.0,36.0
14.17,680-684,2800.0,2800.0,36.0
13.11,700-704,15000.0,14875.0,36.0
11.14,735-739,24925.0,24925.0,60.0
11.71,705-709,15000.0,15000.0,36.0
6.03,780-784,9100.0,9100.0,36.0
12.12,690-694,12000.0,11950.0,36.0
23.28,660-664,16250.0,16250.0,60.0
18.49,715-719,25000.0,25000.0,60.0
15.31,660-664,30000.0,30000.0,36.0
11.59,680-684,4800.0,544.89,36.0
12.12,680-684,3000.0,3000.0,36.0
12.18,715-719,17000.0,16650.0,36.0
17.56,680-684,12000.0,12000.0,36.0
19.05,670-674,27575.0,27575.0,60.0
8.9,715-719,5000.0,5000.0,36.0
13.11,680-684,9000.0,9000.0,36.0
13.23,730-734,12000.0,11650.0,60.0
7.9,760-764,16500.0,16500.0,36.0
11.89,745-749,18000.0,13003.66,36.0
18.64,720-724,30000.0,29975.0,60.0
20.5,705-709,30000.0,29975.0,60.0
13.16,680-684,10000.0,7945.17,36.0
15.8,675-679,12000.0,12000.0,36.0
10.16,710-714,10000.0,10000.0,36.0
14.65,670-674,3800.0,3800.0,36.0
10.16,715-719,18775.0,18775.0,36.0
17.27,670-674,7200.0,7200.0,36.0
13.99,720-724,25450.0,25425.0,60.0
11.12,705-709,6000.0,5975.0,36.0
5.99,760-764,8000.0,8000.0,36.0
14.27,675-679,10000.0,10000.0,36.0
14.65,695-699,4800.0,4800.0,60.0
12.12,675-679,7000.0,7000.0,36.0
7.9,720-724,9975.0,9975.0,36.0
22.95,680-684,30075.0,30050.0,60.0
10.59,710-714,10000.0,10000.0,36.0
12.12,750-754,30000.0,30000.0,60.0
17.27,695-699,16000.0,16000.0,60.0
18.49,675-679,21200.0,21175.0,36.0
7.51,805-809,6500.0,6500.0,36.0
9.76,725-729,19000.0,19000.0,36.0
11.89,720-724,6500.0,5329.76,36.0
21.49,685-689,1500.0,1500.0,36.0
23.63,660-664,24000.0,24000.0,60.0
18.75,675-679,20000.0,20000.0,36.0
13.49,695-699,10000.0,10000.0,36.0
9.2,730-734,10000.0,6350.0,36.0
11.14,795-799,10000.0,10000.0,60.0
19.91,670-674,9000.0,9000.0,60.0
11.36,685-689,4200.0,4200.0,36.0
17.77,665-669,6625.0,6625.0,36.0
15.96,680-684,15000.0,15000.0,36.0
14.27,670-674,3825.0,3825.0,36.0
9.25,700-704,4200.0,4200.0,36.0
8.9,725-729,17325.0,17325.0,36.0
18.49,720-724,25000.0,25000.0,60.0
17.49,695-699,8000.0,7925.0,36.0
6.62,765-769,12000.0,12000.0,36.0
6.03,765-769,5000.0,5000.0,36.0
9.99,750-754,14000.0,14000.0,36.0
22.78,660-664,30000.0,30000.0,36.0
8.9,765-769,10750.0,10750.0,36.0
12.99,740-744,24000.0,23772.15,60.0
15.31,670-674,10000.0,10000.0,36.0
17.27,675-679,16550.0,16550.0,36.0
5.99,740-744,3300.0,3300.0,36.0
14.09,675-679,8000.0,8000.0,36.0
16.89,745-749,35000.0,32117.0,60.0
10.65,720-724,14000.0,14000.0,36.0
8.9,755-759,18000.0,18000.0,60.0
13.49,720-724,10000.0,9999.71,60.0
16.77,670-674,3600.0,3600.0,36.0
5.79,765-769,12000.0,10928.83,36.0
20.49,660-664,4200.0,4200.0,60.0
14.61,665-669,4200.0,4200.0,36.0
21.74,660-664,11200.0,11200.0,60.0
15.99,675-679,15000.0,15000.0,36.0
11.99,755-759,12100.0,12100.0,36.0
13.98,715-719,14000.0,13975.0,60.0
5.99,770-774,4900.0,4900.0,36.0
12.12,715-719,19200.0,19200.0,36.0
9.76,705-709,8500.0,8500.0,36.0
7.88,760-764,12000.0,11875.0,36.0
19.22,680-684,21000.0,21000.0,60.0
17.99,715-719,35000.0,24868.47,60.0
12.12,685-689,10000.0,10000.0,36.0
17.99,685-689,10000.0,9975.0,60.0
18.49,660-664,12000.0,12000.0,36.0
11.99,720-724,12000.0,10325.0,60.0
6.76,755-759,4000.0,3945.6,36.0
19.72,675-679,20000.0,20000.0,60.0
13.99,695-699,24375.0,24375.0,36.0
9.07,750-754,7500.0,4538.17,36.0
10.74,700-704,9550.0,9550.0,36.0
20.5,690-694,25000.0,24975.0,60.0
12.87,690-694,3600.0,3600.0,36.0
11.11,700-704,10000.0,10000.0,36.0
6.62,790-794,20000.0,20000.0,36.0
10.74,740-744,35000.0,35000.0,36.0
12.12,710-714,12000.0,12000.0,36.0
14.82,655-659,5600.0,2025.01,36.0
7.9,750-754,20000.0,20000.0,36.0
10.16,710-714,18000.0,18000.0,36.0
7.51,765-769,8000.0,7575.0,36.0
9.76,705-709,4000.0,4000.0,36.0
7.9,715-719,6000.0,5975.0,36.0
17.77,670-674,15000.0,15000.0,36.0
13.67,745-749,20950.0,20950.0,60.0
7.9,725-729,10625.0,10625.0,36.0
10.16,755-759,9000.0,9000.0,60.0
11.48,745-749,20000.0,11800.0,36.0
13.11,715-719,25800.0,25800.0,36.0
6.62,760-764,10000.0,10000.0,36.0
11.58,715-719,12000.0,7595.31,36.0
20.49,660-664,18650.0,18650.0,36.0
12.12,710-714,10000.0,10000.0,36.0
16.77,670-674,14000.0,14000.0,36.0
14.09,695-699,14000.0,14000.0,36.0
17.56,670-674,14400.0,13714.83,60.0
14.33,690-694,8000.0,8000.0,36.0
11.83,720-724,12000.0,11925.0,36.0
13.11,705-709,24375.0,24375.0,36.0
7.9,710-714,3500.0,3500.0,36.0
13.67,675-679,7900.0,7900.0,36.0
12.12,695-699,10000.0,10000.0,36.0
17.58,725-729,10400.0,10375.0,60.0
7.14,755-759,7500.0,7450.0,36.0
14.33,720-724,18800.0,18800.0,60.0
13.11,695-699,21000.0,21000.0,36.0
6.62,750-754,8500.0,8500.0,36.0
11.71,705-709,13200.0,13200.0,36.0
19.99,710-714,3000.0,3000.0,60.0
22.47,670-674,19200.0,19200.0,60.0
18.64,675-679,13600.0,13600.0,60.0
7.88,730-734,6000.0,6000.0,36.0
14.65,705-709,22000.0,22000.0,60.0
15.31,665-669,12000.0,12000.0,36.0
18.39,675-679,5000.0,5000.0,36.0
7.9,770-774,31050.0,30750.0,36.0
7.9,730-734,10000.0,10000.0,36.0
14.09,700-704,10000.0,10000.0,36.0
7.9,740-744,13250.0,13250.0,36.0
14.27,695-699,5000.0,5000.0,36.0
13.11,710-714,14675.0,14675.0,36.0
10.0,745-749,7000.0,6875.0,36.0
17.77,665-669,6000.0,6000.0,36.0
12.69,735-739,20000.0,20000.0,60.0
12.12,695-699,7000.0,7000.0,36.0
12.12,695-699,1500.0,1500.0,36.0
18.49,705-709,35000.0,35000.0,36.0
18.25,695-699,20000.0,20000.0,60.0
14.27,710-714,21000.0,21000.0,60.0
6.03,755-759,12500.0,12475.0,36.0
15.01,695-699,25000.0,2125.0,36.0
14.46,680-684,9600.0,9600.0,60.0
13.85,675-679,8100.0,8100.0,36.0
14.65,690-694,15000.0,15000.0,36.0
16.32,685-689,15000.0,14950.0,60.0
11.14,695-699,11000.0,11000.0,36.0
14.17,670-674,9600.0,9600.0,36.0
13.11,775-779,25000.0,25000.0,36.0
13.11,685-689,14550.0,14550.0,36.0
10.74,700-704,10000.0,10000.0,36.0
11.14,705-709,24000.0,24000.0,60.0
10.65,745-749,20000.0,19950.0,60.0
11.49,725-729,25000.0,24975.0,36.0
17.77,670-674,7200.0,7200.0,36.0
14.33,675-679,5000.0,5000.0,36.0
16.49,710-714,20000.0,19975.0,60.0
7.91,730-734,5600.0,5600.0,36.0
7.9,750-754,20000.0,20000.0,36.0
8.9,715-719,6000.0,6000.0,36.0
17.49,670-674,3200.0,3200.0,60.0
14.09,710-714,24375.0,24375.0,36.0
12.12,715-719,25225.0,25225.0,36.0
15.95,700-704,20000.0,19900.0,60.0
17.77,710-714,30225.0,30225.0,36.0
7.4,770-774,7000.0,7000.0,36.0
15.65,735-739,35000.0,14869.55,60.0
9.76,725-729,7575.0,7575.0,36.0
13.11,695-699,15000.0,15000.0,36.0
15.81,725-729,24000.0,24000.0,60.0
15.31,675-679,19800.0,19775.0,60.0
10.75,755-759,9250.0,6475.0,60.0
15.96,660-664,6000.0,6000.0,36.0
15.31,685-689,3500.0,3500.0,36.0
14.82,645-649,7200.0,5675.0,36.0
6.03,760-764,12000.0,12000.0,36.0
7.9,730-734,20000.0,20000.0,36.0
12.12,685-689,3900.0,3900.0,36.0
19.22,680-684,16000.0,16000.0,60.0
15.99,675-679,15000.0,15000.0,36.0
20.5,695-699,28200.0,28200.0,60.0
13.49,705-709,15000.0,14975.0,36.0
13.99,675-679,7400.0,7400.0,36.0
10.59,730-734,15000.0,15000.0,36.0
5.99,765-769,4500.0,4500.0,36.0
14.09,680-684,3000.0,3000.0,36.0
14.27,675-679,9000.0,9000.0,36.0
8.9,705-709,4000.0,4000.0,36.0
17.27,665-669,10000.0,10000.0,36.0
15.99,690-694,6400.0,6400.0,60.0
10.16,715-719,4325.0,4325.0,36.0
13.11,695-699,12000.0,12000.0,36.0
15.31,665-669,10000.0,10000.0,36.0
10.16,720-724,12000.0,12000.0,36.0
12.12,690-694,6000.0,6000.0,36.0
13.49,700-704,2200.0,2200.0,36.0
14.27,670-674,5000.0,5000.0,36.0
19.69,665-669,12000.0,12000.0,60.0
7.9,705-709,3000.0,3000.0,36.0
21.49,700-704,30000.0,30000.0,60.0
12.12,695-699,10800.0,10800.0,36.0
18.25,660-664,10500.0,10500.0,36.0
6.62,755-759,10000.0,10000.0,36.0
12.12,715-719,24000.0,23950.0,36.0
14.09,690-694,16000.0,16000.0,36.0
13.99,705-709,15000.0,15000.0,36.0
21.98,660-664,9500.0,9500.0,36.0
19.05,690-694,35000.0,35000.0,36.0
7.9,725-729,5000.0,5000.0,36.0
11.71,700-704,15000.0,15000.0,36.0
15.31,675-679,5000.0,5000.0,36.0
11.14,775-779,19000.0,18975.0,36.0
15.8,680-684,11625.0,11625.0,36.0
7.62,750-754,25000.0,25000.0,36.0
12.69,685-689,8000.0,8000.0,36.0
8.59,760-764,9800.0,9675.0,36.0
8.0,765-769,6000.0,5975.0,36.0
12.42,705-709,10200.0,10200.0,36.0
6.62,760-764,10500.0,10500.0,36.0
7.9,725-729,5000.0,5000.0,36.0
7.9,810-814,17500.0,17500.0,36.0
19.03,685-689,4000.0,4000.0,36.0
12.12,715-719,22000.0,22000.0,36.0
5.79,750-754,5000.0,4900.0,36.0
16.29,685-689,8000.0,8000.0,36.0
18.49,700-704,19125.0,19125.0,60.0
12.12,700-704,16000.0,16000.0,36.0
14.59,660-664,4500.0,4500.0,36.0
22.45,665-669,5800.0,5800.0,60.0
14.7,645-649,10000.0,525.0,36.0
18.75,680-684,16750.0,16750.0,36.0
12.12,695-699,3600.0,3600.0,36.0
15.62,670-674,10000.0,10000.0,36.0
5.42,800-804,6000.0,6000.0,36.0
7.62,735-739,10000.0,10000.0,36.0
17.77,685-689,10000.0,10000.0,36.0
7.49,745-749,5000.0,5000.0,36.0
23.76,665-669,35000.0,34950.0,60.0
7.9,715-719,7000.0,7000.0,36.0
10.2,800-804,3000.0,1647.62,36.0
15.62,695-699,28000.0,28000.0,36.0
15.58,690-694,15200.0,6800.0,60.0
14.65,710-714,15775.0,15775.0,36.0
10.59,765-769,30000.0,22425.0,36.0
9.91,710-714,3000.0,3000.0,36.0
18.49,670-674,15350.0,15350.0,36.0
9.76,785-789,26500.0,26500.0,60.0
6.0,695-699,6400.0,6400.0,60.0
14.33,695-699,13200.0,13200.0,36.0
11.49,705-709,12000.0,12000.0,36.0
6.03,800-804,4000.0,4000.0,36.0
6.62,730-734,2500.0,2500.0,36.0
18.55,700-704,28000.0,27925.0,36.0
8.9,730-734,9000.0,8975.0,36.0
6.03,750-754,6600.0,6600.0,36.0
17.27,705-709,27050.0,27050.0,60.0
15.99,675-679,4800.0,4800.0,36.0
10.16,710-714,7550.0,7550.0,36.0
7.74,775-779,10000.0,10000.0,36.0
11.26,730-734,12500.0,12275.0,36.0
19.05,660-664,27575.0,27575.0,36.0
13.11,720-724,20000.0,20000.0,36.0
14.61,730-734,15000.0,14900.0,36.0
8.9,730-734,18000.0,18000.0,36.0
8.9,785-789,5400.0,5375.0,36.0
15.81,695-699,23000.0,22950.0,36.0
5.79,770-774,8000.0,7950.0,36.0
12.69,705-709,3000.0,2950.0,36.0
6.92,780-784,7200.0,7200.0,36.0
15.8,670-674,15350.0,15350.0,36.0
12.12,685-689,6000.0,6000.0,36.0
13.16,755-759,15000.0,8081.65,36.0
12.68,690-694,5000.0,5000.0,60.0
6.76,760-764,2575.0,2575.0,36.0
13.67,670-674,1800.0,1800.0,36.0
14.09,700-704,10000.0,10000.0,36.0
10.74,705-709,7750.0,7750.0,36.0
16.29,660-664,12000.0,12000.0,36.0
6.03,780-784,10000.0,10000.0,36.0
13.67,665-669,4950.0,4950.0,36.0
6.03,760-764,8400.0,8350.0,36.0
12.12,695-699,3500.0,3500.0,36.0
16.29,665-669,12000.0,12000.0,36.0
22.47,660-664,18000.0,18000.0,60.0
12.99,725-729,14675.0,14650.0,60.0
14.09,675-679,13000.0,13000.0,36.0
13.11,695-699,15000.0,15000.0,36.0
9.32,755-759,8250.0,8205.63,36.0
14.09,685-689,6900.0,6900.0,36.0
20.49,685-689,35000.0,35000.0,60.0
10.62,750-754,25000.0,23995.24,36.0
11.14,705-709,9600.0,9600.0,36.0
6.62,755-759,9000.0,8975.0,36.0
8.9,740-744,6500.0,6500.0,36.0
11.14,720-724,1750.0,1750.0,36.0
5.42,750-754,5000.0,5000.0,36.0
15.8,670-674,6000.0,6000.0,36.0
14.09,700-704,25000.0,25000.0,36.0
14.33,690-694,13000.0,13000.0,36.0
7.9,720-724,5875.0,5875.0,36.0
16.29,660-664,5000.0,5000.0,36.0
16.45,680-684,16000.0,7925.0,60.0
9.62,730-734,12000.0,12000.0,60.0
12.12,720-724,35000.0,35000.0,36.0
5.79,735-739,4800.0,4775.0,36.0
11.11,680-684,6500.0,6500.0,36.0
13.06,735-739,25000.0,25000.0,36.0
7.62,785-789,1000.0,1000.0,36.0
13.48,700-704,16000.0,16000.0,36.0
15.13,645-649,7675.0,2275.0,36.0
8.9,720-724,13600.0,13600.0,36.0
15.31,680-684,12000.0,12000.0,36.0
10.37,750-754,15000.0,15000.0,36.0
18.49,675-679,7125.0,7125.0,36.0
21.67,675-679,35000.0,34977.35,60.0
13.11,725-729,11575.0,11575.0,60.0
7.4,780-784,5000.0,5000.0,36.0
7.62,735-739,5000.0,5000.0,36.0
13.24,660-664,5000.0,527.49,36.0
7.9,720-724,7000.0,7000.0,36.0
14.5,715-719,20000.0,16755.89,36.0
6.92,735-739,7000.0,7000.0,36.0
10.25,760-764,20000.0,19900.0,36.0
7.9,725-729,6000.0,6000.0,36.0
7.66,735-739,14000.0,14000.0,36.0
19.05,685-689,30000.0,30000.0,36.0
17.58,660-664,18225.0,18200.0,36.0
7.29,720-724,12000.0,12000.0,36.0
12.12,690-694,10000.0,10000.0,36.0
14.91,675-679,16300.0,16275.0,36.0
13.87,670-674,11000.0,2116.76,36.0
15.58,785-789,25000.0,20850.0,60.0
12.12,670-674,24000.0,24000.0,36.0
7.49,715-719,6000.0,6000.0,36.0
11.49,765-769,10000.0,9975.0,60.0
8.9,730-734,2000.0,2000.0,36.0
11.14,690-694,6625.0,6600.0,36.0
16.71,660-664,20000.0,6350.01,36.0
9.63,745-749,12000.0,11925.0,36.0
7.29,765-769,4200.0,4200.0,36.0
13.11,715-719,6950.0,6875.0,36.0
7.51,765-769,6000.0,6000.0,36.0
10.99,700-704,8400.0,8400.0,36.0
7.88,725-729,5000.0,5000.0,36.0
10.16,695-699,4750.0,4750.0,36.0
10.75,785-789,15000.0,14925.0,60.0
16.29,670-674,12000.0,12000.0,36.0
7.68,790-794,4000.0,0.0,36.0
12.61,725-729,12800.0,12700.0,60.0
8.9,795-799,12000.0,11950.0,60.0
13.49,670-674,9425.0,9425.0,36.0
12.42,730-734,28000.0,28000.0,36.0
21.0,710-714,30000.0,29975.0,60.0
18.39,660-664,9600.0,9600.0,36.0
12.84,695-699,7800.0,7242.07,36.0
10.65,720-724,12000.0,12000.0,36.0
15.31,675-679,9600.0,9600.0,36.0
10.62,705-709,6000.0,6000.0,36.0
11.11,720-724,7500.0,7500.0,60.0
6.03,760-764,7000.0,6950.0,36.0
11.71,685-689,10000.0,10000.0,36.0
12.61,665-669,3200.0,2799.99,36.0
10.38,725-729,13000.0,12850.0,36.0
24.7,660-664,35000.0,35000.0,60.0
6.62,710-714,20800.0,20775.0,36.0
16.29,660-664,1600.0,1600.0,36.0
6.03,750-754,10050.0,9900.0,36.0
17.99,670-674,8000.0,7997.85,36.0
12.12,715-719,16000.0,16000.0,36.0
7.9,720-724,11700.0,11675.0,36.0
12.12,705-709,13475.0,13475.0,36.0
5.42,800-804,14500.0,14500.0,36.0
14.61,665-669,5000.0,5000.0,36.0
6.62,750-754,13600.0,13575.0,36.0
8.9,715-719,2200.0,2200.0,36.0
9.76,705-709,9000.0,9000.0,36.0
22.47,685-689,27925.0,27925.0,60.0
14.33,670-674,9450.0,9450.0,36.0
20.25,665-669,15175.0,15175.0,60.0
7.49,735-739,10000.0,10000.0,36.0
16.29,680-684,16000.0,16000.0,36.0
15.31,680-684,13200.0,13200.0,36.0
18.75,695-699,20000.0,20000.0,60.0
17.77,665-669,8500.0,8500.0,36.0
14.27,670-674,3000.0,3000.0,36.0
15.31,675-679,10000.0,10000.0,36.0
16.29,700-704,14075.0,14075.0,36.0
19.72,680-684,19000.0,19000.0,60.0
12.84,760-764,25000.0,11696.88,36.0
13.11,685-689,9000.0,9000.0,36.0
13.11,685-689,6775.0,6775.0,36.0
15.23,675-679,2200.0,2200.0,36.0
8.0,790-794,10800.0,10550.0,36.0
14.33,675-679,16800.0,16800.0,60.0
15.62,660-664,3500.0,3500.0,36.0
18.79,660-664,9250.0,9250.0,60.0
7.49,740-744,23400.0,23400.0,36.0
7.9,745-749,10375.0,10375.0,36.0
14.09,695-699,9325.0,9300.0,36.0
21.48,665-669,18000.0,18000.0,60.0
8.9,720-724,5375.0,5375.0,36.0
15.8,690-694,3700.0,3700.0,36.0
18.49,675-679,19125.0,19125.0,36.0
15.31,745-749,1625.0,1625.0,36.0
16.77,730-734,26000.0,25975.0,60.0
18.25,680-684,6650.0,6650.0,60.0
11.49,670-674,1000.0,1000.0,36.0
14.42,720-724,18000.0,17896.62,36.0
12.84,680-684,8000.0,7975.0,36.0
15.65,680-684,4575.0,4575.0,36.0
21.97,690-694,35000.0,34950.0,60.0
12.12,695-699,10000.0,10000.0,36.0
18.49,660-664,32350.0,32350.0,36.0
12.98,700-704,16000.0,16000.0,36.0
14.09,690-694,13750.0,13750.0,36.0
11.14,665-669,5600.0,5600.0,36.0
23.76,660-664,21000.0,20950.0,60.0
7.9,730-734,12000.0,12000.0,36.0
13.49,680-684,12000.0,12000.0,36.0
13.99,670-674,3600.0,3600.0,36.0
16.32,705-709,25000.0,15175.0,60.0
9.25,760-764,8400.0,8400.0,60.0
15.8,700-704,24375.0,24300.0,60.0
15.8,675-679,8575.0,8575.0,36.0
12.12,695-699,13800.0,13800.0,36.0
11.49,695-699,17000.0,17000.0,36.0
13.67,675-679,11000.0,11000.0,36.0
14.35,680-684,7800.0,7800.0,36.0
10.59,695-699,3725.0,3725.0,36.0
17.27,665-669,11000.0,11000.0,36.0
15.31,670-674,8500.0,8500.0,36.0
9.76,705-709,10000.0,10000.0,36.0
11.71,725-729,12000.0,12000.0,60.0
12.12,755-759,31500.0,31425.0,60.0
15.31,705-709,19000.0,19000.0,60.0
10.16,695-699,12000.0,12000.0,36.0
10.16,725-729,19125.0,19125.0,36.0
16.07,700-704,6525.0,6500.0,36.0
7.9,725-729,8975.0,8975.0,36.0
6.03,780-784,6000.0,5975.0,36.0
19.22,680-684,20800.0,20800.0,60.0
14.27,680-684,8400.0,8400.0,36.0
18.49,675-679,20000.0,20000.0,36.0
12.12,710-714,18550.0,18550.0,36.0
12.12,685-689,9600.0,9600.0,36.0
6.03,775-779,6000.0,6000.0,36.0
15.31,680-684,14000.0,14000.0,36.0
12.98,705-709,17000.0,16573.33,36.0
10.65,700-704,13250.0,13225.0,36.0
9.76,705-709,13000.0,13000.0,36.0
12.12,700-704,20000.0,20000.0,36.0
15.31,670-674,7000.0,7000.0,36.0
17.27,665-669,12000.0,12000.0,36.0
7.62,735-739,4200.0,4200.0,36.0
11.89,715-719,15000.0,7100.0,36.0
6.54,725-729,1775.0,1775.0,36.0
12.12,695-699,10000.0,10000.0,36.0
12.69,730-734,14400.0,14375.0,60.0
8.49,735-739,16000.0,13150.0,36.0
13.48,680-684,10000.0,9975.0,36.0
5.79,745-749,3000.0,2950.0,36.0
7.9,750-754,20000.0,20000.0,36.0
15.8,685-689,6000.0,6000.0,36.0
13.49,680-684,7050.0,7050.0,36.0
12.12,725-729,11325.0,11325.0,36.0
16.29,670-674,2000.0,2000.0,36.0
12.53,690-694,11000.0,6557.05,36.0
14.33,700-704,10000.0,10000.0,36.0
16.29,665-669,15000.0,15000.0,36.0
18.64,690-694,23000.0,22975.0,60.0
15.31,675-679,10000.0,10000.0,36.0
12.23,705-709,4000.0,4000.0,60.0
10.74,715-719,13000.0,12909.48,36.0
9.33,715-719,5000.0,525.0,36.0
7.51,735-739,6400.0,6400.0,36.0
7.9,745-749,3825.0,3800.0,36.0
17.99,660-664,8000.0,8000.0,36.0
17.27,665-669,8000.0,7975.0,36.0
15.31,660-664,6000.0,6000.0,36.0
8.9,715-719,2500.0,2500.0,36.0
13.11,685-689,10000.0,10000.0,36.0
9.76,730-734,14600.0,14600.0,36.0
21.14,660-664,24000.0,23800.0,60.0
7.9,770-774,2200.0,2200.0,36.0
13.11,680-684,10000.0,10000.0,36.0
9.76,695-699,5000.0,5000.0,36.0
7.51,735-739,12300.0,12300.0,36.0
13.22,690-694,2500.0,2500.0,36.0
12.73,700-704,15000.0,14825.0,36.0
10.74,715-719,1000.0,1000.0,36.0
11.71,700-704,18000.0,17975.0,36.0
15.8,700-704,5000.0,5000.0,36.0
9.99,685-689,6000.0,5956.31,36.0
10.37,705-709,2500.0,2500.0,36.0
10.16,710-714,6000.0,6000.0,36.0
7.75,765-769,7000.0,5525.0,36.0
13.06,680-684,4200.0,4200.0,36.0
14.09,685-689,12500.0,12500.0,36.0
16.32,695-699,15400.0,9458.33,60.0
17.77,710-714,30000.0,30000.0,36.0
16.29,720-724,20700.0,20700.0,60.0
13.11,685-689,7000.0,7000.0,36.0
7.9,755-759,8000.0,8000.0,36.0
20.99,670-674,18000.0,18000.0,60.0
6.62,745-749,12000.0,12000.0,36.0
12.69,670-674,5500.0,5500.0,36.0
10.99,750-754,18000.0,17975.0,60.0
16.29,660-664,5400.0,5400.0,36.0
12.12,730-734,18000.0,18000.0,60.0
10.74,705-709,3000.0,3000.0,36.0
7.62,775-779,21000.0,21000.0,36.0
17.77,725-729,8000.0,8000.0,36.0
7.88,735-739,1750.0,1750.0,36.0
8.0,795-799,7500.0,214.02,36.0
14.65,685-689,9500.0,9500.0,36.0
14.09,705-709,14500.0,14500.0,36.0
19.99,660-664,4800.0,4800.0,36.0
6.99,740-744,3800.0,3800.0,36.0
17.27,710-714,20675.0,20675.0,60.0
19.05,690-694,27050.0,27050.0,60.0
15.33,675-679,8000.0,7850.0,36.0
15.27,660-664,5300.0,5300.0,36.0
7.9,730-734,5000.0,5000.0,36.0
8.9,700-704,15500.0,15500.0,36.0
7.91,720-724,11200.0,11200.0,36.0
23.76,665-669,16000.0,16000.0,60.0
15.8,690-694,21850.0,21850.0,36.0
8.9,705-709,2400.0,2375.0,36.0
5.79,750-754,2700.0,2700.0,36.0
19.42,705-709,30100.0,30100.0,60.0
14.33,720-724,20000.0,20000.0,60.0
6.62,805-809,6000.0,6000.0,36.0
14.65,685-689,2000.0,2000.0,36.0
12.86,670-674,3200.0,766.09,36.0
13.49,740-744,18000.0,17950.0,60.0
15.27,680-684,15000.0,15000.0,36.0
11.99,725-729,5000.0,5000.0,60.0
13.67,700-704,7500.0,7500.0,36.0
17.99,665-669,16000.0,16000.0,36.0
7.9,755-759,20000.0,20000.0,36.0
15.8,665-669,24000.0,24000.0,60.0
15.95,685-689,25000.0,24925.0,36.0
6.03,750-754,3000.0,3000.0,36.0
11.48,735-739,8000.0,7875.0,36.0
10.99,740-744,13000.0,13000.0,60.0
6.03,815-819,8000.0,8000.0,36.0
12.12,695-699,10000.0,10000.0,36.0
12.53,780-784,20000.0,19925.0,36.0
15.31,695-699,21700.0,21700.0,36.0
11.99,680-684,2500.0,2500.0,36.0
14.96,670-674,10000.0,9869.17,36.0
7.9,735-739,17000.0,17000.0,36.0
6.62,765-769,10000.0,10000.0,36.0
18.55,665-669,14100.0,14100.0,36.0
20.49,690-694,26500.0,26500.0,60.0
12.12,710-714,12000.0,12000.0,36.0
13.87,640-644,2200.0,-0.01,36.0
7.62,730-734,7200.0,7200.0,36.0
8.32,740-744,6500.0,1196.59,36.0
17.27,710-714,19750.0,19750.0,60.0
14.91,725-729,21000.0,20975.0,60.0
15.81,665-669,3500.0,3500.0,36.0
7.49,725-729,2650.0,2650.0,36.0
13.11,695-699,15000.0,15000.0,36.0
14.33,695-699,4800.0,4800.0,36.0
17.99,670-674,12000.0,12000.0,36.0
6.62,760-764,6000.0,6000.0,36.0
7.9,790-794,12000.0,12000.0,60.0
12.12,680-684,1550.0,1550.0,36.0
15.31,695-699,35000.0,35000.0,36.0
7.14,730-734,3000.0,3000.0,36.0
10.25,720-724,15000.0,14775.0,36.0
18.49,665-669,14400.0,14400.0,36.0
9.88,755-759,12000.0,12000.0,36.0
19.99,660-664,20000.0,19975.0,36.0
7.66,745-749,11700.0,11650.0,36.0
13.11,660-664,7750.0,7750.0,36.0
19.91,660-664,12000.0,12000.0,60.0
7.14,760-764,6000.0,5750.0,36.0
7.9,720-724,5000.0,5000.0,36.0
16.29,665-669,6000.0,6000.0,36.0
10.36,755-759,25000.0,15925.0,60.0
7.62,810-814,23000.0,23000.0,36.0
13.11,700-704,10000.0,10000.0,36.0
7.88,765-769,4800.0,4800.0,60.0
12.12,705-709,20500.0,20500.0,36.0
18.79,690-694,21000.0,20950.0,60.0
7.9,820-824,7500.0,7500.0,36.0
16.4,675-679,16800.0,16800.0,36.0
11.66,685-689,10000.0,8851.08,36.0
16.49,685-689,12000.0,12000.0,60.0
18.25,705-709,17900.0,17900.0,60.0
17.15,670-674,24000.0,9675.0,36.0
14.33,670-674,9600.0,9600.0,36.0
12.68,700-704,8000.0,8000.0,60.0
13.43,690-694,9000.0,9000.0,36.0
14.65,675-679,10000.0,10000.0,36.0
16.29,665-669,8000.0,8000.0,36.0
16.32,680-684,12000.0,12000.0,60.0
11.14,715-719,20000.0,19950.0,36.0
7.88,710-714,4800.0,4800.0,36.0
19.42,685-689,28000.0,27950.0,60.0
11.14,705-709,10000.0,10000.0,36.0
6.62,730-734,7300.0,7300.0,36.0
7.9,730-734,8450.0,8450.0,36.0
21.98,675-679,20000.0,20000.0,60.0
21.98,665-669,16000.0,16000.0,60.0
17.27,695-699,30000.0,29950.0,36.0
15.23,700-704,12000.0,11530.58,60.0
11.83,810-814,24500.0,24450.0,36.0
13.75,640-644,3000.0,2275.0,36.0
15.31,680-684,8000.0,8000.0,36.0
8.94,775-779,17000.0,16786.31,36.0
11.71,680-684,4200.0,4200.0,36.0
14.27,680-684,1400.0,1400.0,36.0
14.65,670-674,2500.0,2500.0,36.0
15.31,675-679,12000.0,12000.0,36.0
11.71,725-729,2200.0,2200.0,36.0
16.29,660-664,35000.0,35000.0,36.0
14.09,695-699,12000.0,12000.0,36.0
13.99,670-674,9600.0,9575.0,36.0
6.03,815-819,16500.0,16500.0,36.0
11.86,730-734,15000.0,14450.0,60.0
11.49,685-689,1500.0,1500.0,36.0
12.12,705-709,4000.0,4000.0,36.0
10.75,705-709,4325.0,4250.0,36.0
6.91,715-719,3600.0,3575.0,36.0
7.62,730-734,28000.0,28000.0,36.0
13.11,695-699,15000.0,15000.0,36.0
15.31,660-664,5000.0,5000.0,36.0
13.67,710-714,21000.0,21000.0,36.0
17.14,680-684,5000.0,5000.0,60.0
10.16,705-709,14400.0,14400.0,36.0
13.11,680-684,13600.0,13600.0,36.0
7.74,775-779,7500.0,7400.0,36.0
19.05,685-689,18000.0,17975.0,36.0
7.88,755-759,15000.0,10765.99,36.0
12.12,680-684,4800.0,4800.0,36.0
13.11,680-684,10000.0,10000.0,36.0
18.25,720-724,26500.0,26450.0,60.0
11.14,745-749,15800.0,15450.0,36.0
8.9,735-739,20000.0,20000.0,36.0
15.31,685-689,7000.0,7000.0,36.0
7.62,760-764,24000.0,24000.0,36.0
14.65,685-689,12000.0,12000.0,36.0
10.59,685-689,10000.0,550.0,36.0
11.99,725-729,23000.0,22975.0,36.0
17.51,695-699,14000.0,13975.0,60.0
18.75,695-699,18000.0,17975.0,60.0
10.16,705-709,7000.0,7000.0,36.0
7.9,775-779,12700.0,12700.0,60.0
13.98,700-704,12000.0,11975.0,60.0
11.14,690-694,4500.0,4475.0,36.0
7.88,715-719,1000.0,1000.0,36.0
15.81,665-669,1000.0,1000.0,36.0
12.12,685-689,10550.0,10525.0,36.0
14.09,690-694,17825.0,17825.0,36.0
14.09,720-724,10750.0,10750.0,36.0
7.9,740-744,13600.0,13600.0,36.0
22.47,670-674,20000.0,20000.0,60.0
14.33,685-689,10050.0,10050.0,36.0
8.9,740-744,30000.0,30000.0,36.0
17.27,700-704,27575.0,27575.0,36.0
13.11,695-699,14675.0,14625.0,36.0
14.09,675-679,10000.0,10000.0,36.0
7.9,720-724,7275.0,7275.0,36.0
17.27,660-664,4200.0,4200.0,36.0
11.86,730-734,25000.0,24288.45,36.0
19.69,665-669,13500.0,13500.0,60.0
15.31,675-679,2200.0,2200.0,36.0
13.99,700-704,20000.0,20000.0,36.0
13.11,680-684,14000.0,14000.0,36.0
6.62,730-734,12000.0,12000.0,36.0
13.67,710-714,4200.0,4200.0,36.0
11.14,690-694,7100.0,7100.0,36.0
14.65,700-704,15000.0,15000.0,36.0
10.95,750-754,15000.0,9364.4,36.0
14.65,665-669,9000.0,8975.0,36.0
23.83,660-664,23300.0,23275.0,60.0
15.8,690-694,20000.0,20000.0,60.0
13.99,670-674,2000.0,2000.0,36.0
13.98,720-724,25000.0,20737.86,60.0
15.21,695-699,11975.0,11975.0,60.0
15.8,675-679,10000.0,10000.0,36.0
11.48,715-719,9000.0,8800.0,36.0
16.02,710-714,15800.0,15700.0,60.0
13.3,660-664,10000.0,4082.56,36.0
13.24,655-659,3600.0,0.0,36.0
13.11,700-704,10000.0,10000.0,36.0
20.5,675-679,19500.0,19500.0,36.0
7.49,755-759,18000.0,18000.0,36.0
8.88,725-729,22000.0,21950.0,36.0
14.07,670-674,22350.0,486.13,36.0
13.92,700-704,5000.0,5000.0,36.0
7.62,770-774,20000.0,20000.0,36.0
8.9,720-724,7000.0,7000.0,36.0
14.09,750-754,15000.0,15000.0,60.0
10.0,805-809,10000.0,9975.0,60.0
21.49,680-684,25000.0,25000.0,60.0
13.11,700-704,14400.0,14400.0,36.0
10.65,710-714,10000.0,10000.0,36.0
16.29,700-704,19750.0,19750.0,36.0
11.71,695-699,10000.0,10000.0,36.0
13.57,680-684,4550.0,4550.0,36.0
10.83,745-749,7500.0,6392.86,36.0
11.99,715-719,13075.0,13075.0,60.0
7.9,710-714,7000.0,7000.0,36.0
7.49,800-804,3000.0,3000.0,36.0
14.46,685-689,18000.0,17950.0,36.0
16.29,695-699,14675.0,14675.0,36.0
14.09,675-679,10000.0,10000.0,36.0
10.74,725-729,9600.0,9600.0,60.0
13.11,660-664,10000.0,10000.0,36.0
6.91,715-719,1500.0,1500.0,36.0
14.09,680-684,10000.0,10000.0,36.0
13.11,685-689,7000.0,6963.08,36.0
16.82,685-689,4000.0,4000.0,60.0
7.9,710-714,16750.0,16750.0,36.0
12.92,660-664,5600.0,4350.0,36.0
14.33,700-704,11950.0,11950.0,36.0
13.99,715-719,12000.0,12000.0,60.0
7.51,755-759,5000.0,5000.0,36.0
12.12,705-709,3800.0,3800.0,36.0
10.65,700-704,9000.0,9000.0,36.0
9.76,695-699,5000.0,5000.0,36.0
11.86,690-694,7000.0,7000.0,36.0
10.99,725-729,5000.0,5000.0,36.0
11.99,740-744,20000.0,18126.99,60.0
14.35,665-669,2000.0,2000.0,36.0
13.11,695-699,29175.0,29175.0,36.0
11.49,750-754,9000.0,8882.52,60.0
18.55,715-719,27000.0,26975.0,60.0
13.11,720-724,20000.0,20000.0,60.0
10.16,710-714,10000.0,10000.0,36.0
8.49,715-719,10000.0,10000.0,36.0
6.03,755-759,8000.0,7975.0,36.0
7.49,740-744,12000.0,12000.0,36.0
17.27,705-709,35000.0,35000.0,60.0
6.03,780-784,11875.0,11875.0,36.0
15.99,700-704,20000.0,19975.0,60.0
11.78,705-709,18000.0,9516.78,36.0
15.95,665-669,8000.0,7900.0,60.0
6.54,755-759,24000.0,24000.0,36.0
12.12,695-699,11500.0,11475.0,36.0
16.89,675-679,2000.0,2000.0,36.0
16.77,685-689,12800.0,12800.0,60.0
19.91,680-684,10000.0,10000.0,36.0
16.82,660-664,4800.0,4800.0,60.0
18.55,670-674,10000.0,10000.0,36.0
14.33,710-714,25000.0,25000.0,36.0
11.71,705-709,5000.0,5000.0,36.0
7.9,720-724,4800.0,4775.0,36.0
14.33,725-729,16475.0,16475.0,60.0
7.9,725-729,8000.0,8000.0,36.0
10.99,700-704,5000.0,4797.96,36.0
19.72,695-699,28350.0,28350.0,36.0
15.58,700-704,16000.0,15900.0,60.0
17.93,670-674,15000.0,13885.68,60.0
8.9,700-704,6000.0,5975.0,36.0
17.27,680-684,21000.0,21000.0,60.0
7.9,725-729,6000.0,6000.0,36.0
14.33,670-674,10500.0,10500.0,36.0
15.8,680-684,16000.0,16000.0,60.0
10.74,720-724,10000.0,10000.0,36.0
11.58,700-704,5000.0,4975.0,36.0
19.74,700-704,30000.0,29750.38,60.0
14.46,690-694,12000.0,11975.0,60.0
21.97,685-689,35000.0,35000.0,60.0
20.3,690-694,25200.0,24999.92,60.0
13.11,680-684,2000.0,2000.0,36.0
17.77,670-674,12000.0,11975.0,36.0
8.9,715-719,12500.0,12500.0,36.0
6.62,745-749,8000.0,7925.0,36.0
12.12,685-689,5000.0,5000.0,36.0
14.65,680-684,12800.0,12800.0,36.0
7.62,805-809,33000.0,33000.0,36.0
6.99,810-814,15000.0,15000.0,36.0
7.62,725-729,5000.0,5000.0,36.0
14.22,670-674,7000.0,7000.0,36.0
14.09,685-689,13450.0,13450.0,36.0
14.09,740-744,20375.0,20375.0,60.0
15.8,665-669,1200.0,1200.0,36.0
6.03,805-809,16000.0,15975.0,36.0
14.33,675-679,2000.0,2000.0,36.0
13.92,680-684,11200.0,11150.0,36.0
7.62,730-734,28000.0,28000.0,36.0
21.98,680-684,28000.0,27950.0,60.0
15.05,660-664,3000.0,2322.59,36.0
12.12,680-684,7200.0,7200.0,36.0
5.42,775-779,4600.0,4600.0,36.0
6.99,790-794,8000.0,8000.0,36.0
18.49,675-679,20125.0,20125.0,36.0
14.33,740-744,19050.0,19050.0,60.0
18.79,680-684,21850.0,21825.0,60.0
10.38,715-719,5000.0,5000.0,36.0
15.31,670-674,12000.0,12000.0,36.0
6.03,760-764,5800.0,5800.0,36.0
11.71,710-714,10000.0,10000.0,36.0
7.9,705-709,4800.0,4800.0,36.0
10.99,705-709,8000.0,8000.0,36.0
16.29,670-674,9750.0,9750.0,36.0
12.69,705-709,4000.0,4000.0,36.0
10.99,695-699,3000.0,3000.0,36.0
15.8,690-694,16000.0,16000.0,36.0
9.63,750-754,12000.0,11725.0,36.0
11.78,690-694,7500.0,5795.24,36.0
7.9,725-729,9600.0,9600.0,36.0
22.95,670-674,23850.0,23850.0,60.0
14.09,680-684,6250.0,6250.0,36.0
7.88,745-749,16750.0,16359.69,36.0
12.69,730-734,4000.0,4000.0,36.0
19.22,670-674,23500.0,23500.0,36.0
12.87,705-709,3600.0,3575.0,36.0
7.29,725-729,1900.0,1900.0,36.0
7.9,755-759,22500.0,22500.0,36.0
8.49,780-784,12000.0,12000.0,60.0
12.69,730-734,15000.0,15000.0,60.0
17.27,705-709,32000.0,32000.0,36.0
24.2,665-669,24000.0,24000.0,60.0
15.8,670-674,5500.0,5500.0,36.0
7.88,735-739,7300.0,7300.0,36.0
13.11,740-744,25000.0,24975.0,60.0
11.14,690-694,4575.0,4575.0,36.0
14.96,685-689,10000.0,10000.0,36.0
15.96,705-709,20000.0,19950.0,60.0
11.14,715-719,11100.0,11100.0,36.0
10.74,760-764,17000.0,17000.0,60.0
13.67,675-679,12000.0,11975.0,36.0
12.12,715-719,24000.0,24000.0,36.0
17.77,690-694,7000.0,7000.0,36.0
12.12,695-699,10000.0,10000.0,36.0
6.62,745-749,14000.0,14000.0,36.0
7.62,745-749,3250.0,3225.0,36.0
11.14,715-719,18000.0,18000.0,36.0
21.0,660-664,19500.0,19500.0,36.0
6.03,785-789,5000.0,5000.0,36.0
17.58,700-704,20000.0,20000.0,60.0
13.49,680-684,6000.0,6000.0,36.0
14.09,695-699,14300.0,14300.0,36.0
12.12,690-694,12800.0,12800.0,36.0
7.9,720-724,3000.0,2975.0,36.0
13.11,705-709,25000.0,25000.0,36.0
12.12,700-704,18000.0,18000.0,36.0
15.31,665-669,9750.0,9750.0,36.0
12.42,695-699,5000.0,5000.0,36.0
13.11,685-689,4000.0,4000.0,36.0
7.9,710-714,1200.0,1200.0,36.0
17.27,660-664,12000.0,12000.0,36.0
16.29,665-669,5000.0,5000.0,36.0
7.9,780-784,21700.0,21700.0,36.0
16.29,715-719,21850.0,21850.0,60.0
11.36,705-709,12000.0,12000.0,36.0
18.49,675-679,7000.0,7000.0,36.0
23.76,700-704,32000.0,32000.0,60.0
14.27,720-724,13000.0,13000.0,60.0
12.42,680-684,12000.0,12000.0,36.0
19.03,680-684,25475.0,25375.0,60.0
11.14,700-704,10000.0,10000.0,36.0
12.12,695-699,5000.0,5000.0,36.0
7.51,760-764,10000.0,9725.0,36.0
14.33,675-679,4000.0,4000.0,36.0
10.38,720-724,8000.0,8000.0,36.0
10.65,735-739,35000.0,35000.0,36.0
11.03,685-689,9000.0,7650.0,36.0
6.03,775-779,9000.0,9000.0,36.0
17.27,675-679,24000.0,24000.0,60.0
13.11,750-754,18000.0,18000.0,60.0
13.8,695-699,4000.0,4000.0,60.0
6.62,755-759,15000.0,15000.0,36.0
17.27,660-664,6075.0,6075.0,36.0
17.49,710-714,13800.0,13800.0,60.0
18.64,700-704,10000.0,10000.0,60.0
10.99,735-739,8000.0,7725.0,36.0
17.27,670-674,15000.0,15000.0,36.0
6.62,815-819,4800.0,4800.0,36.0
12.23,730-734,24250.0,17431.82,60.0
6.91,715-719,7000.0,6975.0,36.0
12.12,700-704,10500.0,10500.0,36.0
21.49,690-694,25000.0,24950.0,60.0
14.33,715-719,21000.0,21000.0,60.0
14.26,685-689,14400.0,14400.0,36.0
10.74,720-724,9600.0,9600.0,36.0
8.88,795-799,12000.0,12000.0,60.0
11.86,705-709,10000.0,10000.0,36.0
14.65,665-669,4000.0,4000.0,36.0
21.49,665-669,20000.0,20000.0,36.0
22.95,665-669,31300.0,31300.0,60.0
7.9,710-714,6900.0,6900.0,36.0
17.88,690-694,30000.0,17982.94,60.0
12.42,675-679,2000.0,2000.0,36.0
7.9,725-729,12000.0,12000.0,36.0
10.37,690-694,3300.0,3300.0,36.0
14.33,695-699,25000.0,25000.0,36.0
10.38,720-724,6000.0,5950.0,36.0
21.0,690-694,3250.0,3250.0,36.0
12.23,715-719,16500.0,16175.0,60.0
21.0,705-709,31000.0,31000.0,60.0
14.33,750-754,4000.0,4000.0,36.0
17.49,665-669,6000.0,6000.0,36.0
6.62,710-714,7500.0,7500.0,36.0
8.49,745-749,12000.0,11975.0,36.0
18.49,685-689,20000.0,20000.0,36.0
22.47,675-679,24000.0,24000.0,60.0
19.99,660-664,7500.0,7500.0,36.0
17.54,655-659,6250.0,900.0,36.0
6.92,755-759,5000.0,4900.0,36.0
10.74,710-714,10000.0,10000.0,36.0
6.91,710-714,12000.0,11341.5,36.0
9.32,745-749,7000.0,6775.0,36.0
7.49,755-759,4000.0,4000.0,36.0
13.11,680-684,7800.0,7800.0,36.0
15.27,680-684,15000.0,15000.0,36.0
18.49,670-674,14125.0,14125.0,36.0
5.42,780-784,8000.0,8000.0,36.0
7.49,715-719,4325.0,4325.0,36.0
13.49,705-709,15000.0,15000.0,36.0
10.16,710-714,12000.0,12000.0,36.0
8.9,710-714,6575.0,6575.0,36.0
10.16,710-714,9000.0,9000.0,36.0
8.88,710-714,4500.0,4500.0,36.0
10.25,750-754,20000.0,19875.0,36.0
13.11,680-684,1950.0,1950.0,36.0
16.29,705-709,35000.0,35000.0,36.0
14.09,675-679,8000.0,8000.0,36.0
10.59,740-744,15000.0,15000.0,36.0
7.66,700-704,5650.0,5650.0,36.0
15.8,680-684,6800.0,6800.0,36.0
19.05,660-664,3000.0,3000.0,36.0
11.14,705-709,5675.0,5675.0,36.0
17.93,670-674,12000.0,12000.0,60.0
15.31,680-684,11100.0,11100.0,36.0
19.05,690-694,16000.0,16000.0,60.0
10.59,710-714,4800.0,4800.0,36.0
15.31,665-669,6200.0,6200.0,36.0
10.16,710-714,6000.0,6000.0,36.0
10.36,680-684,2250.0,2250.0,36.0
13.61,715-719,24000.0,14860.05,60.0
12.12,695-699,10000.0,10000.0,36.0
14.09,670-674,10000.0,10000.0,36.0
13.11,665-669,12000.0,12000.0,36.0
13.11,690-694,12000.0,12000.0,36.0
12.21,750-754,20800.0,13796.59,36.0
12.69,695-699,8000.0,8000.0,36.0
10.16,705-709,10000.0,10000.0,36.0
14.27,675-679,6000.0,6000.0,36.0
12.12,675-679,4500.0,4500.0,36.0
7.49,740-744,3600.0,3600.0,36.0
15.8,675-679,11200.0,11200.0,36.0
11.49,695-699,4000.0,3925.0,36.0
13.49,690-694,6000.0,6000.0,60.0
13.11,720-724,17000.0,17000.0,36.0
13.11,665-669,8000.0,8000.0,36.0
7.4,805-809,2800.0,2800.0,36.0
6.03,790-794,12375.0,12375.0,36.0
17.27,690-694,18825.0,18825.0,60.0
11.14,715-719,9600.0,9600.0,36.0
13.11,680-684,14400.0,14400.0,36.0
17.56,660-664,6000.0,6000.0,60.0
6.03,770-774,9000.0,9000.0,36.0
11.86,735-739,20000.0,19850.0,60.0
13.06,685-689,15000.0,15000.0,36.0
11.14,735-739,20000.0,20000.0,60.0
19.69,665-669,13750.0,13750.0,60.0
17.19,675-679,6000.0,6000.0,60.0
7.9,735-739,20000.0,20000.0,36.0
11.49,720-724,12800.0,12800.0,60.0
6.03,780-784,6000.0,6000.0,36.0
7.51,735-739,12000.0,12000.0,36.0
13.11,690-694,12500.0,12500.0,36.0
17.58,665-669,5000.0,5000.0,36.0
14.33,675-679,4950.0,4950.0,36.0
13.11,755-759,30000.0,30000.0,60.0
12.12,670-674,10000.0,10000.0,36.0
14.65,670-674,6000.0,6000.0,36.0
7.9,750-754,24000.0,24000.0,36.0
10.0,745-749,14000.0,14000.0,60.0
7.49,715-719,6000.0,6000.0,36.0
13.11,690-694,22400.0,22400.0,36.0
7.9,795-799,8000.0,8000.0,36.0
20.49,665-669,24575.0,24550.0,36.0
14.83,675-679,8000.0,8000.0,60.0
14.33,670-674,10000.0,10000.0,36.0
10.65,745-749,29000.0,27884.92,60.0
6.03,805-809,5400.0,5400.0,36.0
6.62,735-739,12375.0,12375.0,36.0
16.29,720-724,30000.0,30000.0,60.0
6.03,770-774,5000.0,5000.0,36.0
18.64,670-674,6200.0,6200.0,60.0
7.49,750-754,7000.0,7000.0,36.0
21.0,695-699,29175.0,29175.0,60.0
17.49,725-729,35000.0,33645.15,60.0
16.89,680-684,6000.0,6000.0,60.0
12.42,730-734,35000.0,35000.0,60.0
13.79,680-684,16400.0,12136.46,36.0
13.49,775-779,8450.0,8450.0,60.0
17.99,665-669,18000.0,18000.0,36.0
13.49,675-679,12375.0,12325.0,36.0
5.42,795-799,10000.0,10000.0,36.0
14.09,680-684,2000.0,2000.0,36.0
21.98,665-669,12000.0,12000.0,60.0
7.62,740-744,5000.0,5000.0,36.0
6.03,785-789,12000.0,12000.0,36.0
13.99,665-669,6000.0,6000.0,36.0
9.99,800-804,13000.0,12975.0,60.0
17.27,755-759,4750.0,4700.0,36.0
18.49,665-669,10000.0,9925.0,36.0
15.31,675-679,1000.0,1000.0,36.0
16.29,670-674,9600.0,9600.0,36.0
14.09,665-669,3625.0,3625.0,36.0
13.11,685-689,10000.0,10000.0,36.0
12.42,745-749,19425.0,19400.0,60.0
13.67,695-699,8400.0,8400.0,36.0
13.99,680-684,10000.0,10000.0,36.0
13.23,685-689,6000.0,6000.0,36.0
14.33,670-674,10000.0,10000.0,36.0
12.12,675-679,6000.0,6000.0,36.0
15.31,675-679,16000.0,16000.0,60.0
17.27,660-664,22000.0,21925.0,36.0
21.27,670-674,25000.0,24950.0,36.0
19.72,665-669,13200.0,13200.0,36.0
9.99,765-769,24000.0,14450.0,60.0
15.05,660-664,12250.0,2200.0,36.0
11.14,705-709,21000.0,21000.0,60.0
14.33,685-689,9000.0,9000.0,36.0
11.14,690-694,5000.0,5000.0,36.0
8.9,775-779,35000.0,34975.0,36.0
21.98,670-674,20000.0,20000.0,60.0
7.9,705-709,12000.0,11975.0,36.0
13.49,680-684,10000.0,10000.0,36.0
13.11,685-689,10750.0,10725.0,36.0
14.83,680-684,4000.0,3975.0,36.0
13.11,705-709,10450.0,10450.0,36.0
8.9,725-729,3000.0,2950.0,36.0
12.12,695-699,11000.0,11000.0,36.0
13.11,690-694,7500.0,7500.0,36.0
11.12,710-714,7350.0,7325.0,36.0
10.74,720-724,10000.0,10000.0,36.0
17.27,665-669,8000.0,8000.0,36.0
23.83,660-664,33600.0,33600.0,60.0
15.27,700-704,12000.0,12000.0,60.0
17.49,670-674,5000.0,5000.0,60.0
11.14,715-719,10000.0,10000.0,36.0
10.16,700-704,2075.0,2075.0,36.0
16.82,665-669,16000.0,15825.0,36.0
12.12,695-699,6000.0,6000.0,36.0
13.99,680-684,8600.0,8600.0,36.0
7.9,815-819,16800.0,16800.0,60.0
7.51,755-759,7200.0,7200.0,36.0
13.11,700-704,9000.0,9000.0,36.0
12.87,715-719,10000.0,9767.84,36.0
14.09,675-679,11350.0,11350.0,36.0
17.27,685-689,6000.0,6000.0,60.0
12.12,680-684,4000.0,4000.0,36.0
10.74,690-694,6400.0,6400.0,36.0
18.25,660-664,3000.0,3000.0,36.0
5.79,750-754,1125.0,1125.0,36.0
13.11,795-799,28000.0,27950.0,60.0
8.9,685-689,6000.0,6000.0,36.0
6.03,795-799,5000.0,5000.0,36.0
20.3,665-669,20000.0,19975.0,60.0
7.49,730-734,9200.0,9200.0,36.0
13.11,740-744,35000.0,35000.0,60.0
20.49,675-679,18000.0,18000.0,60.0
7.49,720-724,8250.0,8250.0,36.0
7.49,710-714,1200.0,1200.0,36.0
9.63,705-709,10000.0,10000.0,36.0
17.27,700-704,35000.0,35000.0,60.0
15.31,690-694,18000.0,18000.0,36.0
18.39,705-709,20000.0,19975.0,60.0
11.14,690-694,5500.0,5500.0,36.0
22.47,660-664,35000.0,35000.0,60.0
21.98,695-699,35000.0,35000.0,60.0
21.49,675-679,20950.0,20875.0,60.0
9.63,695-699,1500.0,1500.0,36.0
19.99,660-664,12000.0,12000.0,36.0
14.33,690-694,10000.0,9975.0,36.0
18.49,660-664,9750.0,9750.0,36.0
7.49,740-744,5600.0,5575.0,36.0
13.11,720-724,11200.0,11200.0,60.0
13.43,670-674,4000.0,3975.0,36.0
8.9,700-704,7000.0,7000.0,36.0
6.03,735-739,18000.0,18000.0,36.0
12.61,695-699,5000.0,5000.0,36.0
9.25,705-709,10000.0,9975.0,36.0
19.69,665-669,9800.0,9800.0,60.0
12.12,685-689,20000.0,19975.0,36.0
18.29,640-644,5100.0,4950.0,36.0
11.14,700-704,8875.0,8875.0,36.0
5.99,765-769,4400.0,4400.0,36.0
11.71,745-749,35000.0,23350.0,60.0
18.49,660-664,3000.0,3000.0,36.0
12.42,690-694,4800.0,4800.0,36.0
11.71,720-724,5375.0,5375.0,36.0
11.99,705-709,14000.0,14000.0,60.0
13.23,730-734,19800.0,19775.0,36.0
13.11,675-679,13025.0,13025.0,36.0
18.49,675-679,18000.0,18000.0,36.0
7.68,785-789,2500.0,2275.77,36.0
7.14,755-759,5000.0,4985.44,36.0
11.14,685-689,4500.0,4500.0,36.0
8.9,740-744,15000.0,15000.0,36.0
20.49,715-719,35000.0,35000.0,60.0
8.49,795-799,4500.0,4500.0,36.0
17.27,675-679,4500.0,4500.0,36.0
7.51,740-744,1450.0,1450.0,36.0
14.96,760-764,6000.0,6000.0,36.0
6.54,725-729,4500.0,4500.0,36.0
6.62,750-754,14000.0,14000.0,36.0
6.03,800-804,15000.0,15000.0,36.0
10.99,760-764,22000.0,14550.0,60.0
11.03,695-699,10000.0,1300.0,36.0
20.49,700-704,35000.0,35000.0,36.0
20.49,685-689,10000.0,10000.0,36.0
13.98,695-699,6000.0,6000.0,60.0
15.8,675-679,10000.0,10000.0,36.0
8.94,785-789,10000.0,9950.0,36.0
13.3,660-664,12000.0,3639.28,36.0
14.65,675-679,9600.0,9600.0,36.0
22.11,660-664,17800.0,17775.0,60.0
7.62,765-769,2000.0,2000.0,36.0
21.0,680-684,18825.0,18825.0,60.0
13.06,705-709,3000.0,2509.17,36.0
13.11,670-674,2000.0,2000.0,36.0
17.77,670-674,9000.0,9000.0,36.0
13.11,705-709,5750.0,5750.0,36.0
19.22,675-679,21725.0,21725.0,60.0
7.9,725-729,20000.0,20000.0,36.0
13.49,730-734,15350.0,15325.0,60.0
14.33,670-674,8400.0,8400.0,36.0
7.49,720-724,4500.0,4500.0,36.0
15.31,675-679,9950.0,9950.0,36.0
7.9,725-729,15000.0,15000.0,36.0
10.99,705-709,10000.0,9850.0,36.0
18.25,660-664,12000.0,10400.0,60.0
12.21,695-699,8000.0,3862.32,36.0
6.03,765-769,3000.0,3000.0,36.0
14.33,680-684,15000.0,15000.0,36.0
17.77,685-689,12700.0,12700.0,36.0
11.11,765-769,16000.0,15745.73,60.0
7.9,710-714,7200.0,7200.0,36.0
20.25,695-699,30000.0,30000.0,60.0
14.65,695-699,20125.0,20125.0,36.0
15.27,670-674,12000.0,12000.0,36.0
10.62,745-749,5000.0,4950.0,60.0
11.36,705-709,8000.0,7989.96,36.0
6.62,735-739,3600.0,3600.0,36.0
9.63,755-759,8800.0,8350.0,36.0
19.22,690-694,18000.0,17925.0,60.0
23.76,660-664,20000.0,20000.0,60.0
5.99,780-784,4350.0,4350.0,36.0
10.99,735-739,12000.0,11975.0,60.0
13.67,680-684,5400.0,5400.0,36.0
12.68,700-704,12000.0,11950.0,60.0
17.77,665-669,12000.0,12000.0,36.0
7.9,705-709,6700.0,6700.0,36.0
11.71,675-679,3750.0,3750.0,36.0
13.67,685-689,8000.0,8000.0,36.0
11.49,695-699,4500.0,4500.0,36.0
17.14,660-664,6000.0,5975.0,60.0
23.28,660-664,19400.0,19400.0,60.0
17.93,690-694,25000.0,15600.0,60.0
14.27,695-699,8800.0,8800.0,36.0
13.99,680-684,4800.0,4800.0,36.0
17.77,660-664,5175.0,5175.0,36.0
10.75,795-799,10000.0,9999.36,60.0
11.14,720-724,12000.0,12000.0,36.0
7.51,750-754,5000.0,5000.0,36.0
17.27,730-734,33600.0,33600.0,60.0
13.11,700-704,10000.0,10000.0,36.0
16.29,695-699,12000.0,11975.0,36.0
14.33,665-669,4000.0,4000.0,36.0
15.8,690-694,20000.0,20000.0,36.0
14.09,675-679,12000.0,12000.0,36.0
21.0,685-689,17500.0,17500.0,60.0
11.71,690-694,10000.0,10000.0,36.0
14.22,665-669,3000.0,3000.0,36.0
8.59,735-739,5600.0,5592.37,36.0
15.8,670-674,10000.0,10000.0,36.0
8.49,720-724,5000.0,5000.0,36.0
21.49,670-674,16000.0,16000.0,60.0
10.75,710-714,4800.0,4800.0,36.0
18.75,710-714,24925.0,24925.0,60.0
12.12,680-684,4825.0,4825.0,36.0
18.25,675-679,18750.0,18750.0,60.0
15.31,675-679,5000.0,5000.0,36.0
13.17,675-679,7500.0,224.99,36.0
16.82,680-684,10000.0,10000.0,60.0
7.9,760-764,5300.0,5300.0,36.0
9.63,730-734,5000.0,5000.0,36.0
13.23,735-739,25000.0,15051.09,60.0
11.89,745-749,9250.0,9200.0,36.0
10.75,775-779,19000.0,18725.0,60.0
6.03,750-754,2000.0,2000.0,36.0
20.49,670-674,7200.0,7200.0,60.0
14.09,695-699,8000.0,8000.0,36.0
11.71,685-689,13000.0,12875.0,36.0
16.29,670-674,8000.0,8000.0,36.0
9.63,760-764,14000.0,13675.0,36.0
12.69,700-704,1400.0,1400.0,36.0
8.9,735-739,9500.0,9500.0,36.0
11.14,705-709,12700.0,12700.0,36.0
9.76,725-729,10000.0,10000.0,36.0
11.89,735-739,6000.0,5691.36,36.0
13.99,680-684,5200.0,5200.0,36.0
15.81,675-679,9000.0,8975.0,36.0
14.74,695-699,12000.0,11854.04,36.0
9.07,740-744,6600.0,3800.0,36.0
13.99,670-674,10000.0,10000.0,36.0
11.49,695-699,1800.0,1800.0,36.0
18.75,695-699,19000.0,19000.0,60.0
20.49,685-689,24000.0,24000.0,60.0
11.14,700-704,11500.0,11475.0,36.0
13.67,690-694,12100.0,12100.0,36.0
17.99,675-679,12000.0,12000.0,60.0
15.31,675-679,12000.0,12000.0,36.0
19.72,665-669,10000.0,10000.0,36.0
15.31,680-684,8875.0,8875.0,36.0
17.77,660-664,10625.0,10625.0,36.0
14.11,670-674,12000.0,3725.0,36.0
17.27,660-664,10000.0,10000.0,36.0
20.49,660-664,12000.0,12000.0,36.0
11.99,720-724,14000.0,12225.0,60.0
17.58,705-709,16000.0,15975.0,60.0
15.81,670-674,10000.0,10000.0,36.0
16.29,720-724,3625.0,3625.0,36.0
12.12,690-694,8400.0,8400.0,36.0
15.05,665-669,1600.0,1334.54,36.0
16.29,665-669,3600.0,3600.0,36.0
17.51,680-684,14000.0,14000.0,36.0
6.03,795-799,15675.0,15675.0,36.0
11.89,725-729,6000.0,5546.81,36.0
8.9,695-699,10000.0,10000.0,36.0
7.9,765-769,29000.0,29000.0,36.0
12.42,670-674,4800.0,4800.0,36.0
8.94,740-744,5000.0,4900.0,36.0
12.53,695-699,7000.0,6894.01,36.0
16.29,705-709,20000.0,19975.0,60.0
12.12,690-694,9000.0,9000.0,36.0
12.42,715-719,4400.0,4400.0,36.0
11.71,695-699,3000.0,3000.0,36.0
14.33,675-679,6250.0,6250.0,36.0
6.03,770-774,14000.0,14000.0,36.0
14.27,715-719,30000.0,30000.0,36.0
12.42,745-749,19600.0,19600.0,60.0
13.11,670-674,1600.0,1600.0,36.0
13.99,670-674,8000.0,8000.0,36.0
12.92,670-674,2500.0,2125.0,36.0
16.29,695-699,16075.0,16075.0,36.0
14.26,720-724,4900.0,4888.24,36.0
11.99,710-714,14400.0,14400.0,36.0
20.49,660-664,7750.0,7750.0,36.0
5.79,750-754,4200.0,4200.0,36.0
12.68,785-789,35000.0,34950.0,60.0
12.12,695-699,12800.0,12800.0,36.0
8.9,720-724,8000.0,8000.0,36.0
18.64,695-699,25000.0,23477.53,60.0
8.49,730-734,5000.0,5000.0,36.0
11.49,720-724,4000.0,4000.0,36.0
18.49,665-669,2875.0,2875.0,36.0
16.02,660-664,1800.0,1800.0,36.0
13.49,725-729,7200.0,7200.0,36.0
12.12,680-684,6000.0,6000.0,36.0
7.9,745-749,15000.0,14975.0,36.0
14.33,680-684,10375.0,10375.0,36.0
15.8,700-704,25000.0,25000.0,60.0
8.59,810-814,7900.0,7782.65,36.0
15.31,680-684,10000.0,10000.0,36.0
7.68,780-784,6000.0,4450.0,36.0
17.77,675-679,7000.0,7000.0,36.0
14.61,665-669,5500.0,5473.88,36.0
14.33,690-694,7000.0,7000.0,36.0
6.62,750-754,12000.0,11975.0,36.0
6.99,780-784,10000.0,9975.0,36.0
14.91,690-694,9800.0,9800.0,60.0
13.11,690-694,15000.0,15000.0,36.0
7.91,725-729,12000.0,12000.0,36.0
13.72,705-709,19000.0,18975.0,36.0
13.49,690-694,10000.0,10000.0,36.0
19.41,660-664,14725.0,14725.0,36.0
14.09,690-694,17500.0,17475.0,36.0
12.53,700-704,10000.0,10000.0,36.0
10.37,705-709,12000.0,11998.2,36.0
6.62,805-809,32550.0,32550.0,36.0
12.12,680-684,17475.0,17450.0,36.0
7.9,725-729,7200.0,7200.0,36.0
7.62,805-809,7125.0,7125.0,36.0
14.96,730-734,20500.0,19861.23,60.0
19.72,695-699,18000.0,18000.0,60.0
18.25,665-669,15000.0,15000.0,36.0
10.37,785-789,14000.0,14000.0,60.0
12.21,695-699,4800.0,4750.0,36.0
14.33,670-674,8000.0,8000.0,36.0
18.25,725-729,35000.0,34900.0,60.0
7.74,735-739,3600.0,3600.0,36.0
11.49,715-719,20000.0,19950.0,36.0
22.45,660-664,20000.0,20000.0,60.0
14.27,680-684,10000.0,9950.0,36.0
9.91,710-714,10000.0,10000.0,36.0
7.51,765-769,4500.0,4500.0,36.0
7.9,725-729,8000.0,8000.0,36.0
9.76,705-709,7425.0,7425.0,36.0
6.03,725-729,12000.0,12000.0,36.0
15.27,670-674,9000.0,9000.0,36.0
16.29,710-714,28000.0,28000.0,36.0
13.67,710-714,15575.0,15550.0,36.0
12.12,710-714,10500.0,10500.0,36.0
16.83,680-684,8500.0,6727.42,36.0
19.72,665-669,3600.0,3600.0,36.0
7.29,740-744,12000.0,12000.0,36.0
11.83,755-759,24250.0,24144.61,36.0
12.69,710-714,20000.0,20000.0,36.0
12.12,695-699,14000.0,14000.0,36.0
6.03,775-779,10000.0,10000.0,36.0
12.42,705-709,8000.0,8000.0,36.0
17.51,695-699,20000.0,15000.0,60.0
12.12,675-679,3500.0,3500.0,36.0
20.89,695-699,30000.0,29975.0,60.0
17.77,675-679,12000.0,12000.0,36.0
19.03,660-664,12250.0,12250.0,60.0
7.88,800-804,9000.0,9000.0,60.0
14.09,750-754,31825.0,31825.0,60.0
19.03,680-684,24000.0,23975.0,60.0
8.94,815-819,12800.0,12787.71,36.0
13.99,745-749,20000.0,20000.0,60.0
12.69,705-709,15000.0,15000.0,36.0
14.17,690-694,15000.0,14950.0,36.0
13.93,660-664,5000.0,3150.0,36.0
14.09,690-694,14000.0,14000.0,36.0
13.67,705-709,21000.0,21000.0,36.0
6.92,725-729,5000.0,5000.0,36.0
12.12,675-679,5000.0,5000.0,36.0
11.14,710-714,8000.0,8000.0,36.0
22.47,675-679,10000.0,10000.0,36.0
6.99,775-779,7000.0,7000.0,36.0
6.03,790-794,11000.0,11000.0,36.0
20.49,710-714,28000.0,28000.0,60.0
10.99,740-744,24000.0,21963.64,36.0
8.9,735-739,15000.0,15000.0,36.0
24.89,660-664,24000.0,23950.0,36.0
15.96,660-664,5000.0,5000.0,36.0
10.59,730-734,10000.0,10000.0,36.0
18.55,660-664,16000.0,16000.0,36.0
14.11,680-684,10000.0,6301.07,36.0
18.49,670-674,8000.0,8000.0,36.0
11.71,695-699,10000.0,10000.0,36.0
5.79,760-764,5000.0,5000.0,36.0
22.78,665-669,20000.0,19975.0,60.0
7.88,720-724,3700.0,3600.0,36.0
17.77,670-674,15000.0,15000.0,36.0
14.09,665-669,9700.0,9700.0,36.0
18.49,660-664,8450.0,8450.0,36.0
20.49,690-694,25000.0,25000.0,60.0
13.49,745-749,25000.0,24950.0,60.0
17.77,670-674,15000.0,15000.0,36.0
19.05,660-664,14575.0,14575.0,36.0
21.0,675-679,14775.0,14775.0,60.0
11.49,700-704,2000.0,2000.0,36.0
10.16,695-699,2575.0,2575.0,36.0
14.33,700-704,4200.0,4200.0,60.0
20.52,675-679,8000.0,8000.0,36.0
14.79,710-714,9500.0,9500.0,60.0
9.88,750-754,16750.0,16445.93,36.0
13.11,685-689,12300.0,12300.0,36.0
17.27,665-669,4000.0,4000.0,36.0
18.3,690-694,20000.0,20000.0,60.0
12.68,705-709,12000.0,12000.0,60.0
14.33,675-679,4375.0,4375.0,36.0
14.59,660-664,3000.0,3000.0,36.0
6.62,750-754,13000.0,13000.0,36.0
8.9,725-729,16200.0,16200.0,36.0
8.9,740-744,11400.0,11375.0,36.0
18.49,715-719,25875.0,25875.0,60.0
19.04,680-684,15000.0,15000.0,60.0
22.95,665-669,20950.0,20950.0,60.0
14.79,710-714,14000.0,12800.0,60.0
16.0,665-669,2000.0,2000.0,36.0
7.9,765-769,25000.0,25000.0,36.0
10.16,780-784,28200.0,28150.0,60.0
18.64,680-684,20000.0,19925.0,60.0
16.29,690-694,24000.0,24000.0,36.0
17.27,710-714,21850.0,21850.0,60.0
13.22,705-709,20000.0,19850.0,36.0
13.85,685-689,16000.0,15875.0,36.0
11.14,720-724,10000.0,10000.0,36.0
14.09,710-714,20000.0,20000.0,36.0
7.9,720-724,1000.0,1000.0,36.0
11.49,690-694,3500.0,3500.0,36.0
7.9,735-739,15000.0,15000.0,36.0
13.67,685-689,19000.0,19000.0,36.0
6.03,755-759,12000.0,11950.0,36.0
22.47,670-674,22750.0,22750.0,60.0
7.29,730-734,9800.0,9747.5,36.0
7.29,715-719,3500.0,3500.0,36.0
10.74,755-759,20000.0,17724.9,60.0
22.95,665-669,20000.0,20000.0,60.0
7.9,770-774,19000.0,19000.0,36.0
22.45,685-689,17300.0,17250.0,60.0
15.13,650-654,7000.0,711.54,36.0
18.75,660-664,7200.0,7200.0,36.0
14.09,675-679,10000.0,10000.0,36.0
14.09,675-679,4000.0,3925.0,36.0
8.9,730-734,17500.0,17500.0,36.0
11.71,725-729,20000.0,20000.0,36.0
15.8,680-684,16200.0,16200.0,60.0
6.03,760-764,10000.0,10000.0,36.0
6.62,810-814,27000.0,27000.0,36.0
7.51,720-724,4500.0,4475.0,36.0
14.33,675-679,15875.0,15875.0,36.0
10.16,690-694,15000.0,15000.0,36.0
10.75,765-769,25000.0,24950.0,36.0
17.27,665-669,7000.0,7000.0,36.0
19.99,660-664,15000.0,15000.0,36.0
15.81,685-689,17000.0,17000.0,36.0
18.75,670-674,19075.0,19075.0,36.0
11.71,710-714,10000.0,10000.0,36.0
7.62,720-724,8475.0,8475.0,36.0
10.08,710-714,6400.0,6350.0,36.0
23.28,675-679,30000.0,30000.0,60.0
14.65,685-689,24000.0,23975.0,36.0
16.77,705-709,30000.0,29950.0,60.0
14.09,740-744,16000.0,16000.0,60.0
13.99,680-684,10000.0,10000.0,36.0
12.42,675-679,6000.0,6000.0,36.0
13.79,670-674,9000.0,5242.75,36.0